{
  "convention": "xyz",
  "R_flange_to_image": [
    [
      0.18577675163067695,
      0.9422240002034571,
      -0.2787488690455062
    ],
    [
      0.5504649163338285,
      0.13519158902912984,
      0.8238395536397662
    ],
    [
      0.8139259023026262,
      -0.3064917090173467,
      -0.4935458011821003
    ]
  ],
  "t_flange_to_image_mm": [
    30.967559715519197,
    60.63966023944615,
    48.18737484944633
  ],
  "rms_mm": 2.855395150622567,
  "n_points": 8,
  "note": "p_base = flange_pos + R_flange @ (R_X @ p_image + t_X); p_image = [(u-W/2)*lateral_mm, 0, v*axial_mm]"
}