ply
format ascii 1.0
element vertex 4605
property float x
property float y
property float z
property uchar red
property uchar green
property uchar blue
end_header
19.6 55.8 5.5 69 77 74
20.0 55.4 23.4 78 81 80
20.5 55.1 22.0 75 81 79
20.6 56.7 21.7 78 82 75
20.1 56.9 23.2 81 82 78
22.0 54.9 21.0 73 79 77
22.1 56.4 20.8 78 82 77
25.5 56.0 19.1 72 78 76
25.0 56.3 20.5 73 80 74
26.0 55.8 17.7 71 79 76
28.1 55.3 15.3 68 79 75
30.1 54.9 12.9 69 77 74
30.5 55.1 14.8 69 77 74
33.9 54.5 11.5 67 75 72
32.5 54.7 12.4 68 76 73
35.1 53.7 7.0 62 73 69
35.0 54.0 8.6 64 75 71
34.5 54.2 10.1 66 74 71
35.1 55.1 25.9 71 79 78
38.0 54.7 24.0 68 79 77
128.8 65.4 134.7 131 129 117
142.2 153.2 123.7 131 129 119
144.1 152.7 121.7 128 126 116
147.9 207.9 128.0 143 113 79
147.9 209.2 127.8 142 115 80
146.6 210.6 125.6 144 114 80
146.1 210.8 126.8 142 115 80
150.0 148.5 104.8 182 183 177
149.2 151.4 105.4 149 125 113
148.2 151.8 107.8 150 126 112
148.7 151.9 109.5 147 123 109
149.2 152.6 105.2 154 130 118
148.3 153.1 107.6 150 126 112
149.3 153.1 109.5 148 124 110
149.8 155.5 107.9 163 129 105
149.8 154.2 108.1 162 128 104
149.4 162.1 130.9 132 128 117
148.9 162.3 132.1 131 129 119
149.3 207.4 125.9 143 109 76
148.3 207.7 126.8 143 111 77
149.7 206.3 129.1 142 112 78
149.3 208.7 125.7 144 112 78
148.4 209.0 126.6 143 113 79
148.6 212.7 124.6 146 114 82
149.2 215.1 124.5 151 118 89
148.3 216.6 123.8 149 121 93
148.0 221.7 121.4 150 126 99
148.6 222.9 121.5 150 126 99
151.5 141.4 102.4 132 130 122
151.5 142.7 102.2 154 153 153
151.7 145.3 101.8 154 148 152
151.7 146.6 101.6 153 147 151
151.8 146.7 103.1 163 162 166
150.8 147.2 105.5 172 178 180
150.8 147.3 106.9 176 182 180
151.8 147.6 110.2 134 135 126
151.9 149.1 101.3 148 137 132
150.4 148.3 103.6 190 186 187
150.0 149.8 104.6 182 183 177
150.4 148.6 106.5 183 184 175
151.9 148.9 110.0 173 169 158
150.5 150.7 101.8 157 128 118
150.1 150.9 103.0 154 125 115
150.5 150.1 107.7 167 168 159
150.1 150.3 108.9 156 152 141
150.5 150.4 110.6 150 147 133
152.0 150.5 112.6 130 131 118
150.6 152.0 101.6 157 128 118
150.1 152.2 102.8 158 129 119
150.2 153.8 105.5 163 129 107
151.2 153.1 111.8 147 123 111
150.3 155.1 105.3 164 130 108
150.2 154.0 106.9 162 128 104
150.7 154.3 110.0 160 126 102
151.7 154.4 111.8 157 125 103
151.8 155.8 124.5 137 127 115
150.4 163.3 131.1 133 129 118
151.8 182.5 129.8 155 123 99
151.9 182.7 132.6 153 126 104
151.5 184.9 127.8 153 120 91
151.5 185.1 129.2 153 122 95
151.0 185.4 131.8 151 122 97
151.9 184.0 132.4 151 124 102
152.0 186.1 127.9 153 120 91
151.6 186.6 131.8 148 119 94
151.6 188.8 127.3 149 115 82
151.6 195.6 130.3 142 111 82
151.7 199.4 129.7 140 109 80
151.3 199.6 130.9 139 111 83
151.8 201.8 127.9 140 106 75
151.8 200.7 129.5 143 110 81
151.4 200.9 130.7 142 111 84
151.4 203.2 127.5 142 108 77
150.5 203.6 129.9 142 111 82
152.0 203.5 131.9 141 114 88
151.5 205.6 125.7 143 109 76
151.5 204.4 127.3 143 109 78
150.6 204.8 129.7 142 111 82
151.1 206.9 125.3 143 109 76
150.2 206.1 127.9 143 111 77
151.6 208.0 123.9 145 111 78
151.2 208.2 125.1 143 111 77
150.8 210.7 123.1 146 111 83
150.4 210.9 124.3 145 113 81
150.5 213.5 123.9 148 116 84
150.9 212.1 124.3 145 113 81
150.6 214.8 123.7 150 118 86
150.7 217.3 123.3 153 120 91
151.7 218.4 123.5 152 124 94
151.5 223.5 121.1 151 127 100
151.8 241.4 99.5 167 167 161
151.3 241.6 100.7 174 174 174
151.8 242.7 99.3 169 170 166
151.4 242.9 100.5 174 174 174
153.2 138.7 103.7 128 126 116
152.4 141.2 101.5 131 129 121
152.9 141.5 104.5 132 129 124
153.9 141.7 107.8 146 146 142
153.4 141.9 109.0 148 148 144
153.9 142.3 101.9 152 151 151
153.0 142.9 105.8 190 193 194
152.5 143.1 107.0 184 190 190
153.0 143.3 108.6 183 189 187
153.0 143.4 110.0 184 188 183
153.1 145.3 103.9 165 164 168
152.6 144.3 105.3 180 183 184
152.1 144.6 108.0 176 182 180
152.1 144.8 109.4 177 181 176
153.7 147.4 99.5 148 137 130
153.2 147.6 100.7 151 140 133
152.7 146.0 109.4 176 183 177
152.2 146.2 110.6 116 117 108
153.7 147.7 113.9 137 138 127
153.7 148.6 99.3 144 133 126
153.3 148.9 100.5 145 134 127
152.3 148.6 108.8 184 185 176
152.8 148.9 111.9 175 172 158
153.3 149.1 113.5 144 145 132
153.3 150.1 100.3 151 125 112
153.5 151.8 114.5 144 119 110
153.9 150.6 116.3 127 125 115
153.9 152.8 101.6 163 127 104
152.1 153.3 103.5 164 130 108
152.1 153.2 113.7 147 122 113
154.0 154.1 101.4 164 128 105
152.1 154.6 103.3 164 130 108
153.6 155.9 105.2 166 131 105
152.6 154.4 113.7 157 125 105
153.2 154.2 124.0 129 127 115
152.7 154.4 125.2 129 127 117
152.8 155.9 126.4 132 125 115
153.2 156.3 107.8 165 130 104
152.3 156.6 108.8 165 130 102
152.7 156.7 110.5 164 131 102
152.8 157.0 113.3 164 131 102
153.8 158.2 113.5 165 132 103
153.8 158.3 115.0 164 131 104
153.8 164.3 133.8 135 128 118
153.1 170.6 131.0 162 130 110
153.8 174.1 127.9 165 130 104
153.3 174.3 129.0 164 130 106
153.3 174.6 131.8 159 130 109
152.9 176.6 125.6 168 130 103
152.9 176.8 127.0 165 130 102
152.5 177.1 129.6 161 129 107
152.5 177.3 131.0 160 128 106
154.0 177.2 133.1 158 129 108
152.6 179.2 125.0 167 130 100
152.5 178.1 126.6 163 128 100
152.1 178.4 129.2 160 128 106
152.6 178.5 130.8 160 128 106
153.6 179.9 133.8 157 130 108
153.6 178.7 134.0 157 129 110
153.6 180.2 123.9 169 131 104
152.2 182.0 125.8 163 126 96
153.1 180.7 127.9 159 124 96
152.2 181.0 128.8 158 125 98
152.2 181.1 130.2 157 125 101
153.7 181.2 133.7 154 127 105
153.3 181.4 134.8 150 130 110
153.2 182.8 123.3 166 128 101
152.3 183.2 125.6 162 125 95
152.7 182.1 127.5 159 124 96
152.3 182.3 128.6 157 124 97
152.8 182.5 131.6 153 124 101
153.3 182.7 134.6 148 128 108
153.3 184.1 123.1 165 127 100
152.4 184.5 125.5 160 123 93
152.4 184.7 126.9 156 121 93
153.9 187.7 121.3 164 124 98
152.9 186.9 123.9 159 122 92
152.5 187.1 125.1 155 118 88
152.1 187.4 127.7 150 116 83
152.0 186.3 129.3 150 119 92
152.0 186.4 130.6 150 119 92
153.1 187.8 133.7 147 121 92
153.5 186.5 134.1 146 122 99
154.0 189.0 121.1 163 124 95
153.0 188.1 123.7 158 121 91
152.6 188.3 124.9 155 118 88
152.7 189.9 127.5 147 113 80
152.1 188.8 128.9 146 114 80
153.6 188.7 130.9 146 116 82
153.6 188.9 132.3 147 117 85
153.1 190.7 123.3 155 118 86
152.7 190.9 124.5 151 117 84
152.7 191.2 127.3 145 111 78
152.7 190.0 128.9 148 116 82
153.2 190.2 131.9 147 116 87
153.7 190.3 133.5 145 119 90
153.3 193.2 122.9 155 118 86
152.8 192.3 125.7 146 112 79
152.3 192.5 126.9 145 111 78
152.8 192.7 129.9 144 112 80
152.4 192.9 131.1 143 112 83
153.4 192.9 132.9 144 117 91
153.3 194.5 122.7 155 118 86
152.9 194.8 125.3 147 110 78
152.4 195.0 126.5 143 109 76
152.5 195.3 129.3 143 111 79
152.4 194.2 130.9 143 112 83
153.4 194.2 132.7 143 116 90
153.9 197.1 123.9 152 114 78
153.0 196.1 125.1 145 108 76
153.0 196.4 127.9 139 105 74
152.5 196.6 129.1 141 109 77
153.5 196.6 130.9 140 109 80
152.6 198.9 125.9 140 106 73
152.2 199.1 127.1 139 105 74
152.2 199.2 128.5 140 106 75
153.1 198.0 131.9 139 111 83
152.7 200.1 125.7 142 105 73
152.7 200.3 127.1 142 105 75
152.3 200.5 128.3 142 108 77
152.8 202.5 123.9 144 107 75
152.3 202.8 125.1 142 105 73
153.9 206.0 121.0 153 116 82
152.9 205.1 123.5 145 108 76
152.4 204.0 124.9 144 107 75
152.0 204.7 131.7 141 114 88
153.5 207.4 121.9 151 114 80
153.0 206.4 123.3 146 109 77
152.6 208.9 121.3 151 114 80
152.2 209.1 122.5 148 111 79
152.7 210.1 121.1 153 116 84
152.2 210.4 122.3 148 111 81
152.4 212.9 121.9 151 114 84
152.4 214.2 121.7 152 115 85
153.5 216.6 121.8 153 121 89
153.6 219.1 121.4 154 124 92
152.2 218.2 122.3 154 124 92
152.3 220.8 122.0 152 126 97
152.3 222.0 121.8 153 127 98
153.8 224.1 119.2 151 126 92
153.4 224.3 120.4 152 126 97
153.6 230.1 112.4 147 125 101
153.1 239.9 101.8 168 168 168
153.7 243.5 98.6 176 180 173
153.8 244.7 98.4 183 184 178
155.6 138.4 103.4 126 127 116
155.2 140.8 101.4 127 128 117
154.7 140.0 105.6 129 126 121
154.3 142.1 100.7 150 147 144
154.9 143.4 112.3 183 184 178
155.9 143.9 117.0 128 126 118
154.0 144.9 101.5 153 145 144
154.5 144.8 111.9 125 126 120
155.9 144.8 114.0 155 156 150
154.1 146.2 101.3 151 143 142
154.1 146.2 112.9 163 164 153
154.8 151.1 99.4 151 127 113
154.3 151.3 100.6 152 126 113
154.3 150.4 115.2 128 126 116
154.0 153.2 116.0 143 123 113
155.5 155.4 103.3 166 131 105
155.0 155.6 104.5 166 131 105
154.1 154.4 115.8 155 122 105
155.6 155.7 117.6 157 124 107
156.0 154.6 119.5 153 123 107
154.2 154.4 127.2 129 127 117
155.6 157.0 105.9 167 132 106
155.1 157.2 107.1 166 131 105
154.2 157.6 109.5 166 131 103
154.7 157.8 111.2 165 132 103
154.2 158.0 112.3 165 132 103
154.2 157.0 115.4 164 131 104
155.6 157.0 117.4 163 129 105
155.2 157.2 118.6 160 126 104
155.6 158.3 105.7 172 135 105
155.2 158.5 106.9 172 135 105
154.3 158.9 109.3 168 134 101
154.7 159.0 111.0 168 134 101
154.8 159.3 113.8 167 133 102
155.3 159.5 115.4 166 131 103
155.7 158.3 117.2 163 129 105
155.2 158.5 118.4 163 129 107
155.8 160.8 116.9 167 132 104
155.4 161.0 118.0 166 133 104
155.4 162.3 117.8 167 132 104
154.2 164.1 132.6 142 129 116
154.9 169.5 123.5 170 133 101
155.4 169.6 125.1 169 132 100
155.9 169.9 128.1 167 129 102
155.0 170.8 123.3 172 135 103
155.5 170.9 124.9 169 132 100
156.0 171.1 127.9 168 130 103
155.5 170.1 129.3 165 130 104
154.6 171.7 131.5 163 131 109
155.5 172.0 123.3 170 133 101
154.2 173.8 125.3 169 132 102
154.6 172.6 127.1 168 130 103
155.1 172.7 128.7 166 131 105
154.7 173.0 131.3 162 130 108
155.6 174.6 122.9 172 134 107
154.2 175.0 125.1 169 132 102
154.8 176.1 123.7 170 132 107
154.5 177.3 134.7 158 130 111
154.9 178.5 121.9 170 132 105
154.4 178.7 123.1 168 130 103
154.1 179.7 132.7 156 127 104
154.5 181.1 121.3 169 131 104
154.1 181.3 122.5 169 131 104
154.2 181.0 132.5 155 126 103
155.1 182.3 121.3 168 130 103
154.6 182.5 122.5 168 130 103
154.3 183.8 134.9 148 128 108
155.7 184.8 121.1 167 127 101
155.2 185.0 122.3 163 125 98
155.3 186.3 122.1 164 124 98
154.6 188.9 134.1 146 120 91
155.0 190.1 121.3 162 123 94
154.5 190.3 122.5 158 121 91
155.1 192.7 120.9 162 123 92
154.7 192.9 122.1 158 121 89
155.7 194.0 122.4 158 121 89
155.8 196.5 122.0 158 121 89
154.4 196.9 122.7 155 116 83
154.0 196.6 132.5 141 112 87
155.9 199.1 121.6 158 121 91
154.0 198.4 123.7 150 112 76
154.1 200.9 123.3 146 109 75
154.2 202.1 121.8 153 116 82
154.8 204.5 121.6 152 115 81
154.5 208.4 120.8 154 117 83
154.1 211.1 120.2 155 118 86
154.2 212.3 120.0 155 118 86
154.8 214.8 119.8 154 120 87
154.9 216.1 119.6 154 120 87
154.0 217.6 120.4 153 123 91
155.5 218.5 119.4 156 124 90
154.1 218.9 120.2 154 124 92
154.2 221.4 119.8 153 126 93
154.1 220.2 120.0 152 125 92
154.3 222.7 119.6 152 127 93
154.4 225.3 119.2 152 126 97
154.9 226.3 117.8 153 125 95
155.5 229.5 110.4 153 125 97
155.5 230.8 110.2 152 124 96
155.6 231.0 113.0 145 123 99
155.7 235.5 103.8 137 128 109
154.9 236.9 103.1 170 170 166
155.4 238.0 101.7 177 174 169
154.9 238.2 102.9 170 170 166
155.9 240.2 97.3 150 146 135
154.1 240.8 99.2 173 174 165
154.2 242.1 99.0 172 176 169
155.7 244.2 97.9 188 189 183
157.9 139.1 101.5 126 127 116
158.0 139.3 102.9 126 127 116
156.6 139.7 105.1 129 127 119
157.5 138.6 107.2 128 126 116
158.0 139.0 111.6 127 128 119
158.0 139.2 113.0 127 128 119
157.5 140.4 101.1 127 128 117
157.2 142.0 113.6 167 167 163
156.7 143.1 100.2 149 146 141
156.4 143.7 115.8 131 131 125
157.3 143.9 119.1 128 126 116
156.8 142.9 120.4 128 126 116
157.9 143.4 126.5 128 126 116
156.9 145.6 99.8 147 142 140
157.7 144.3 100.5 148 143 141
157.8 144.8 116.3 133 133 127
157.4 144.3 121.9 128 126 116
157.9 144.7 126.3 129 127 117
156.5 147.0 99.4 145 134 127
156.5 146.2 115.4 133 134 123
157.0 147.6 116.9 128 126 118
157.0 148.2 99.5 142 131 124
157.1 148.9 116.7 128 126 116
157.2 152.4 101.7 163 127 104
156.9 155.1 102.5 166 131 103
156.4 154.4 118.3 155 122 105
157.4 156.5 104.0 166 131 105
157.0 156.7 105.2 167 132 106
157.6 157.1 121.1 157 125 103
157.1 157.3 122.3 156 124 104
157.0 158.0 105.0 172 135 105
157.6 159.5 107.8 173 136 106
157.1 159.8 109.0 170 136 103
156.7 159.5 117.5 166 131 103
156.2 159.7 118.7 164 131 102
157.1 158.5 120.7 160 128 106
157.7 159.8 122.1 162 130 106
157.6 160.8 107.7 174 137 107
156.3 161.3 109.8 171 137 104
156.7 160.1 111.6 170 136 103
157.2 160.2 113.3 168 134 103
156.3 160.6 115.7 167 132 104
157.3 162.8 112.9 171 137 104
157.3 163.1 115.7 170 136 105
157.4 163.2 117.1 168 134 103
156.4 163.5 118.1 168 133 105
157.4 162.4 121.5 167 132 106
157.5 166.2 120.9 170 132 105
157.6 166.5 123.7 166 132 101
156.2 166.8 124.5 165 130 102
156.7 166.9 126.1 164 129 101
157.2 166.2 132.1 160 127 110
156.8 169.2 122.9 170 133 101
156.8 168.2 125.9 168 131 99
157.7 168.2 127.7 167 130 100
156.8 168.5 128.7 167 129 102
157.3 168.6 130.3 164 129 103
157.8 170.3 123.2 173 136 104
156.9 170.9 126.9 168 131 99
156.9 170.0 131.3 164 130 106
157.0 171.6 133.9 160 131 110
157.9 170.2 134.5 158 130 113
157.4 172.8 121.2 174 137 105
157.0 173.0 122.3 173 135 108
156.6 172.9 133.5 160 131 110
157.5 174.0 121.0 174 137 105
157.0 174.2 122.2 173 135 108
156.7 174.3 134.7 158 130 111
157.6 176.7 122.0 174 136 109
157.8 180.4 120.0 174 134 108
157.3 180.6 121.2 170 132 105
157.9 182.9 119.6 173 134 105
157.5 183.1 120.8 171 132 103
156.7 185.9 121.4 166 126 100
156.7 187.2 121.2 166 126 100
157.3 188.4 121.2 166 127 98
157.9 190.8 121.0 164 125 96
156.1 193.8 121.2 163 124 93
156.2 195.1 121.0 162 123 92
156.2 196.3 120.8 162 123 94
156.4 198.9 120.4 162 123 94
156.5 200.3 121.6 156 119 89
157.1 203.9 119.8 162 123 90
156.6 202.8 121.2 158 121 89
156.7 205.2 119.4 164 125 92
156.6 204.1 121.0 156 119 85
156.7 206.5 119.2 163 127 90
156.3 206.7 120.4 159 122 88
157.3 209.0 119.1 163 127 90
156.9 209.2 120.3 160 123 89
156.5 211.8 119.7 159 122 88
157.4 210.3 120.3 160 123 89
156.6 213.1 119.5 158 121 87
157.2 215.4 117.9 161 124 90
156.7 214.3 119.3 159 122 88
157.7 216.6 117.9 158 124 89
157.3 216.8 119.1 156 124 88
157.4 219.2 117.3 157 125 91
157.3 218.0 118.9 157 125 89
157.9 220.4 117.3 157 125 91
157.5 220.6 118.5 155 125 93
157.1 223.2 117.9 153 126 93
157.2 224.5 117.7 153 125 95
157.3 227.0 117.3 151 124 98
156.9 229.3 112.5 151 124 100
156.9 228.3 115.5 151 123 93
156.4 228.5 116.7 150 123 97
157.0 230.6 112.3 148 121 97
156.2 235.3 102.6 137 123 106
157.6 236.1 101.6 163 159 150
156.2 236.5 102.4 185 182 177
157.3 238.7 99.6 182 183 172
156.0 241.5 97.1 153 146 138
156.1 242.7 96.9 143 136 128
157.6 244.9 95.7 195 196 187
156.1 244.0 96.7 181 182 176
157.2 246.2 93.9 141 137 130
156.7 246.4 95.1 134 131 126
159.3 137.4 99.5 126 124 114
158.3 137.8 101.9 126 127 116
158.4 138.0 103.4 125 126 115
159.3 137.8 113.9 126 127 118
158.9 138.7 99.1 125 126 115
158.9 138.9 100.5 125 126 115
158.9 138.6 109.2 129 127 117
158.4 138.8 110.4 129 127 119
159.0 139.3 114.9 127 128 119
159.5 139.6 117.9 127 128 119
158.5 139.8 118.9 129 127 119
158.9 140.2 100.3 127 128 117
158.0 140.3 111.4 126 126 122
158.5 140.4 113.1 126 126 122
160.0 140.5 115.1 125 125 121
159.1 140.9 117.5 127 128 119
158.2 141.3 119.9 128 126 118
158.1 140.0 120.1 129 127 119
160.0 142.6 100.4 150 147 142
159.1 142.0 115.9 161 161 155
159.6 142.1 117.5 130 131 122
159.6 142.3 118.9 128 126 118
158.3 143.2 125.3 128 126 116
159.3 145.0 119.7 128 126 116
159.3 145.2 121.1 128 126 116
158.8 144.3 123.9 128 126 116
158.4 144.5 125.1 129 127 117
158.9 146.2 117.9 129 127 119
158.4 146.4 119.1 129 127 117
159.0 147.8 120.5 127 125 115
159.4 146.9 125.1 128 126 116
159.0 147.2 126.3 128 126 116
158.5 148.9 118.7 128 126 116
158.0 150.7 99.5 148 127 112
158.7 152.9 119.5 139 126 115
158.3 153.1 120.7 135 127 115
159.7 154.5 101.0 166 131 105
159.2 154.7 102.2 166 131 103
159.3 154.6 123.8 144 125 110
158.9 154.8 124.9 143 124 111
159.9 154.0 131.1 129 127 117
158.8 156.2 103.2 167 132 104
159.5 157.3 124.8 156 124 104
159.4 159.0 105.9 173 136 106
158.2 159.6 120.9 164 131 104
159.5 160.3 105.7 175 138 108
158.7 160.8 121.0 166 133 106
158.2 161.0 122.1 163 131 107
159.7 161.0 124.2 163 129 105
159.6 162.0 109.8 173 139 106
158.2 162.4 110.5 172 138 105
158.7 162.5 112.1 172 138 105
159.7 163.9 115.2 172 138 107
158.3 163.4 120.4 167 132 104
159.7 162.3 124.0 166 131 105
159.4 163.9 126.4 164 129 103
159.8 165.2 115.0 172 138 107
159.3 164.3 117.8 171 137 106
158.5 166.0 120.0 172 135 105
158.4 164.8 121.6 169 131 104
158.9 164.9 123.2 169 131 104
158.0 165.3 125.5 165 130 102
159.4 164.1 127.8 164 129 103
159.0 167.2 120.0 172 135 103
159.0 167.3 121.4 170 133 101
158.0 166.3 122.6 170 132 105
159.6 166.7 128.8 163 128 102
159.6 167.2 132.9 160 127 110
159.1 168.4 119.8 174 137 105
159.1 168.6 121.2 172 135 103
158.6 168.8 122.4 170 133 101
159.2 168.6 133.9 160 128 108
158.3 171.4 121.8 173 136 104
158.7 170.1 122.2 174 137 105
159.7 172.3 120.8 175 138 106
158.0 175.2 121.0 174 137 107
158.1 176.5 120.8 174 137 107
158.2 177.9 122.0 173 135 108
158.2 179.2 121.8 172 134 107
158.9 184.0 119.8 173 134 105
158.5 184.2 121.0 171 132 103
159.5 186.5 119.7 171 132 101
159.1 186.7 120.9 170 131 102
158.4 192.0 121.1 164 125 96
158.5 194.6 120.7 164 125 96
159.6 197.0 120.7 164 125 96
159.7 198.2 120.5 164 125 96
159.8 200.8 120.1 167 128 99
160.0 214.8 117.8 165 128 94
159.7 218.6 117.0 160 126 91
158.4 221.6 117.3 156 126 92
159.0 222.6 116.0 159 127 91
159.1 225.2 115.6 156 126 92
159.1 226.4 115.4 155 125 93
159.8 231.9 104.8 157 125 93
158.4 232.3 105.5 154 124 92
159.0 235.6 99.5 124 106 95
158.6 235.8 100.7 137 128 119
159.5 234.5 102.7 139 119 99
159.6 237.9 96.4 182 173 168
159.1 236.9 99.3 199 181 170
158.6 237.1 100.5 197 188 179
158.7 239.3 95.8 185 176 171
159.1 238.1 97.6 194 190 181
158.8 240.6 95.6 183 179 172
158.3 240.8 96.8 162 160 150
158.9 243.2 95.2 168 166 158
158.4 242.1 96.6 161 159 149
159.4 244.3 93.8 160 153 147
158.0 244.7 94.5 172 170 162
158.6 247.0 93.0 131 124 118
158.7 248.3 92.8 129 125 116
161.9 133.7 104.3 125 126 115
161.1 136.0 100.6 126 124 114
161.0 135.0 103.7 125 126 115
161.6 137.1 99.3 126 124 114
161.1 136.3 103.5 125 126 115
160.7 136.7 106.1 125 126 115
161.2 137.5 113.4 126 127 118
160.7 138.4 98.6 125 126 115
160.4 141.2 99.4 129 126 121
161.0 141.4 124.0 128 126 116
160.6 141.6 125.2 129 127 117
160.4 142.4 99.2 148 145 140
160.1 143.9 100.2 147 142 140
161.0 142.3 121.0 128 126 118
161.1 142.7 123.8 128 126 116
160.6 142.9 125.0 128 126 116
160.6 145.0 98.8 141 138 135
160.1 145.2 100.0 144 139 137
160.2 146.5 99.8 142 133 126
160.8 146.3 121.6 128 126 116
160.3 149.0 99.4 143 124 111
161.5 149.3 125.6 128 126 116
161.0 149.5 126.8 128 126 116
160.4 151.7 100.5 158 126 102
160.6 151.6 122.0 132 124 112
160.6 150.6 125.0 128 126 116
160.1 150.9 126.2 128 126 116
160.5 153.0 100.3 161 129 105
161.1 153.0 123.4 130 126 115
160.2 153.4 125.8 129 127 115
161.6 155.6 101.8 166 131 105
161.1 155.8 102.9 167 132 104
160.3 155.6 122.6 151 125 110
161.9 155.3 133.2 129 127 117
161.6 156.9 101.6 170 135 107
161.2 157.1 102.8 172 134 107
160.1 157.0 134.9 129 127 117
160.8 158.6 103.8 174 136 109
161.0 159.6 125.0 162 128 104
161.1 159.8 126.4 160 127 100
160.6 158.1 133.5 130 126 115
161.4 161.5 107.8 176 139 109
161.0 161.7 109.0 175 138 108
161.6 161.1 127.8 162 128 104
161.2 161.3 129.0 157 125 103
161.7 161.7 133.4 142 128 113
161.6 163.4 113.3 173 139 106
160.2 163.7 114.0 173 139 106
160.2 162.4 125.6 165 130 102
161.7 162.4 127.6 164 129 103
160.3 162.7 128.4 164 129 103
161.3 162.8 130.2 163 129 105
160.8 163.1 132.8 155 127 110
161.8 163.2 134.6 150 126 114
160.3 165.0 113.8 173 139 106
160.8 164.1 129.8 163 129 105
160.0 165.7 132.0 162 128 108
160.5 164.6 133.8 152 128 116
160.9 167.9 117.9 176 139 107
160.8 166.7 118.1 174 137 105
160.1 167.0 131.8 162 128 108
161.0 169.3 119.1 176 139 107
160.5 169.5 120.3 174 137 105
160.8 173.5 121.1 175 138 106
160.8 174.7 120.9 175 138 106
161.4 177.2 120.7 175 138 108
161.9 178.4 120.7 175 138 108
161.2 182.3 119.7 175 136 107
160.5 187.6 119.9 171 129 99
160.1 187.8 121.1 168 129 100
161.1 189.0 121.3 168 129 100
161.6 190.0 120.0 172 130 100
161.1 190.2 121.1 170 128 100
160.2 199.4 120.5 166 127 98
160.3 201.9 120.2 166 127 98
160.8 203.1 120.2 167 128 97
160.4 204.5 119.8 167 128 97
161.0 206.9 119.6 168 129 96
160.6 208.3 119.2 166 129 95
160.3 210.9 118.6 167 130 96
160.3 212.1 118.4 166 129 95
160.5 215.9 117.8 162 125 91
160.6 217.2 117.6 161 124 90
161.7 221.9 114.5 160 127 87
161.3 222.1 115.7 159 127 91
161.4 224.5 113.9 160 127 89
160.9 224.7 115.1 156 126 90
160.6 227.2 113.0 157 125 91
160.1 227.4 114.2 155 125 93
160.6 228.4 111.4 158 126 94
161.2 231.5 104.0 159 125 94
161.7 233.7 99.6 151 120 93
161.3 233.9 100.8 149 117 93
160.8 232.9 103.6 147 127 107
160.9 235.0 97.5 130 101 89
160.9 235.1 98.9 126 105 90
160.8 234.1 102.0 147 120 98
161.0 237.5 95.7 159 143 140
160.9 236.3 97.3 138 109 97
160.9 236.4 98.8 167 146 131
160.6 238.8 95.3 162 146 143
160.6 240.1 95.1 160 151 146
161.7 243.6 93.5 156 147 142
160.3 242.8 94.5 156 149 143
161.3 244.9 91.7 139 132 124
160.9 245.1 92.9 138 131 123
161.4 246.2 91.5 131 124 116
160.9 246.4 92.7 131 124 116
162.4 133.5 103.1 127 125 115
162.4 135.7 99.9 126 124 114
162.9 134.6 101.8 127 125 115
163.9 135.2 107.9 125 126 115
163.9 135.4 109.3 128 126 116
163.9 135.5 110.7 128 126 116
163.4 136.4 95.9 124 125 116
163.0 136.6 97.1 126 124 116
162.5 136.8 98.3 126 124 114
163.4 136.3 106.0 125 126 115
163.5 136.7 108.9 127 125 115
163.0 137.0 111.4 128 126 116
162.6 137.2 112.6 128 126 118
162.1 138.1 97.9 127 125 115
163.1 139.3 98.1 128 126 116
163.6 138.0 120.1 126 127 118
162.8 143.3 98.7 143 140 137
162.9 144.6 98.6 139 136 133
163.1 145.0 124.3 128 126 116
163.7 145.5 128.6 128 126 116
163.0 147.2 98.2 136 127 122
163.2 147.6 123.9 127 125 115
163.8 148.0 128.3 128 126 116
163.1 148.4 98.0 140 123 109
162.7 149.9 99.0 145 126 111
162.9 150.0 121.9 127 125 113
162.4 148.9 123.2 128 126 116
163.8 148.9 125.3 128 126 116
163.7 151.1 99.2 157 125 101
162.2 150.1 100.2 146 127 114
162.4 150.2 123.1 127 125 115
163.4 150.2 124.9 128 126 116
163.7 152.4 99.0 162 130 106
163.3 152.6 100.2 159 130 105
163.7 155.7 128.3 142 127 115
162.4 157.1 127.4 154 125 104
163.3 157.2 129.3 150 125 105
163.4 157.6 133.4 135 127 115
162.4 158.2 125.9 158 126 106
162.4 158.4 127.3 155 126 105
162.4 158.5 128.6 152 127 107
163.4 158.6 130.5 149 128 111
163.3 161.0 105.9 176 138 111
162.8 161.2 107.1 176 139 109
162.6 161.3 131.0 155 126 103
162.2 161.5 132.2 150 127 108
163.6 160.3 134.4 141 127 112
163.4 162.9 111.4 176 139 107
162.0 163.2 112.1 175 138 106
162.2 162.8 132.0 160 128 106
162.1 164.5 111.9 176 139 107
162.8 167.4 115.9 176 139 107
162.2 166.3 117.3 175 138 106
162.9 169.0 118.6 176 139 107
162.5 170.4 119.5 177 140 108
162.0 170.6 120.7 176 139 107
163.5 172.8 119.6 179 142 110
163.1 173.0 120.8 177 140 108
163.6 174.2 120.8 176 139 107
162.0 179.7 120.5 176 136 110
162.1 180.9 120.4 175 135 109
162.7 183.4 120.2 174 135 106
163.2 184.6 120.2 173 134 103
162.1 191.2 120.0 171 129 99
162.7 192.5 121.4 166 127 98
163.8 194.9 121.5 167 128 99
163.3 196.1 119.7 170 131 100
162.9 196.3 120.8 167 128 99
163.9 198.7 120.9 169 130 101
163.7 213.9 118.1 168 129 96
163.8 215.2 117.9 167 128 95
163.4 217.7 115.9 166 130 93
163.9 216.5 117.8 166 127 94
163.5 219.0 115.7 165 129 92
163.1 219.2 116.9 162 125 91
162.6 220.4 115.1 161 128 88
162.2 220.6 116.3 158 126 90
163.3 224.0 113.4 160 127 89
163.8 225.1 112.0 163 129 96
163.3 225.3 113.2 160 126 93
162.5 227.8 109.5 159 127 95
162.9 226.5 111.3 159 125 92
162.4 226.7 112.5 159 125 92
162.5 229.0 109.3 157 125 93
162.6 231.0 101.9 160 126 95
162.1 231.2 103.1 159 125 94
162.1 230.3 107.5 154 124 92
163.6 233.0 97.7 159 126 97
162.2 233.4 98.4 159 126 97
162.6 232.3 101.7 156 124 100
162.2 232.5 102.9 152 125 103
162.7 234.5 97.0 141 110 97
163.3 236.9 95.4 156 140 133
162.9 238.1 93.6 158 143 133
162.4 238.3 94.8 158 142 135
163.0 240.7 93.2 154 145 140
162.6 240.9 94.4 158 147 142
162.2 243.4 92.3 153 144 139
162.6 242.2 94.2 153 144 139
163.6 244.3 91.4 136 129 121
163.8 246.7 89.6 128 124 117
162.8 247.1 90.6 129 125 118
164.9 129.7 96.4 124 125 116
165.0 131.0 96.2 123 124 115
165.9 130.0 99.7 126 124 116
164.2 133.6 95.3 123 124 115
165.5 132.4 97.7 123 124 115
165.1 132.6 98.8 125 123 115
164.7 133.0 101.4 126 124 114
165.6 133.1 103.3 126 124 114
165.6 132.0 104.9 125 126 115
165.6 132.2 106.3 125 126 115
165.7 135.5 91.4 123 124 113
165.2 135.8 92.6 123 124 115
165.7 135.0 97.3 124 125 116
165.2 135.2 98.5 126 124 116
164.9 135.8 113.9 128 126 116
164.8 134.7 115.5 128 126 116
165.8 134.8 117.4 128 126 116
165.4 135.2 119.9 126 127 116
165.7 136.8 91.2 123 124 113
165.3 137.0 92.4 123 124 113
164.8 136.1 95.2 124 125 116
165.9 136.1 117.2 128 126 116
165.4 136.4 119.7 126 127 116
164.9 138.8 96.2 124 125 116
165.5 140.2 97.7 125 125 119
164.1 140.5 98.4 127 127 121
164.1 145.3 127.5 128 126 116
164.1 146.2 124.5 128 126 116
164.2 147.8 127.1 128 126 116
165.0 149.5 98.7 143 126 112
165.7 153.5 99.8 165 132 105
165.2 153.7 100.9 165 132 105
164.1 152.4 133.2 131 129 119
164.4 155.2 101.7 167 132 106
164.9 156.4 101.7 170 135 107
164.5 157.9 102.7 172 137 109
164.3 157.2 131.1 147 126 109
164.8 157.3 132.7 141 127 112
164.1 158.1 103.9 174 136 109
165.0 160.0 133.7 150 127 108
165.6 160.6 105.6 176 138 111
165.3 162.4 109.4 177 140 110
164.8 162.6 110.6 176 139 109
165.9 165.3 113.5 175 138 106
164.1 165.8 115.4 175 138 106
166.0 166.6 113.3 179 142 110
164.1 167.1 115.2 176 139 107
165.6 168.3 117.1 179 142 110
164.8 170.0 119.2 177 140 108
164.9 171.3 119.0 177 140 108
165.9 172.4 119.3 180 143 111
164.1 174.0 119.6 177 140 108
164.7 176.5 119.4 179 142 112
164.2 176.7 120.6 177 140 110
165.7 178.9 119.5 178 139 110
165.3 179.1 120.7 177 139 112
165.8 180.1 119.3 178 139 110
165.3 180.3 120.5 175 137 110
165.9 182.6 118.9 176 137 108
165.5 182.8 120.1 174 137 107
165.2 186.8 120.7 173 131 101
165.3 188.1 120.5 173 131 101
165.9 190.5 120.3 173 131 101
164.2 194.7 120.3 170 131 100
164.4 198.5 119.7 170 131 102
164.0 199.9 120.7 168 129 100
165.5 200.8 119.8 171 132 103
165.0 201.0 120.9 169 130 101
165.5 202.1 119.6 170 131 102
165.1 202.3 120.7 170 131 100
165.6 204.6 119.2 173 134 103
165.2 204.8 120.4 171 132 99
165.3 207.3 120.0 170 131 98
165.3 206.1 120.2 171 132 99
164.9 209.8 118.0 173 134 103
165.4 208.6 119.8 171 132 99
165.0 211.1 117.8 173 134 103
164.5 210.0 119.2 170 131 98
165.1 212.3 117.6 171 132 99
164.6 212.5 118.8 170 131 98
164.3 215.0 116.8 169 130 97
164.3 216.3 116.6 169 130 97
165.4 219.6 113.6 168 132 95
165.0 219.8 114.8 166 130 91
165.0 221.0 113.2 165 129 92
164.5 221.2 114.4 163 127 88
165.1 222.3 113.0 163 126 92
164.6 222.5 114.2 161 128 90
164.8 227.2 109.2 160 126 95
164.3 226.1 110.6 160 126 93
164.4 229.6 105.8 160 126 95
165.3 228.2 107.9 160 126 95
164.9 228.4 109.0 159 125 94
164.4 230.5 101.4 161 127 96
164.6 233.9 95.1 153 121 101
165.9 232.4 97.4 160 127 98
164.6 235.2 94.9 144 112 92
164.1 234.1 96.3 146 113 96
165.6 236.1 93.8 151 133 124
165.3 238.8 93.1 152 145 139
164.4 240.3 92.5 152 145 139
166.0 243.7 91.2 134 130 123
164.5 242.8 92.1 150 143 137
167.6 126.1 101.2 124 125 116
166.4 129.8 98.5 123 124 115
167.7 128.6 100.8 124 125 116
166.4 131.1 98.3 124 125 116
167.3 130.1 101.8 124 125 116
167.8 130.3 103.4 124 125 114
167.4 130.5 104.6 124 125 114
166.1 133.6 107.8 125 126 115
167.6 133.7 109.9 125 126 115
167.5 135.1 89.5 122 123 112
167.1 135.3 90.7 123 124 113
166.1 134.8 96.1 124 125 116
167.6 136.3 89.3 123 124 113
167.1 136.5 90.5 123 124 113
166.3 138.6 95.5 124 125 116
166.9 140.0 97.0 125 126 117
166.9 141.2 96.8 127 128 119
166.5 142.7 97.8 139 139 135
166.1 142.9 98.9 140 140 136
166.7 145.2 97.4 137 130 124
166.1 144.2 98.7 136 136 132
166.4 144.9 127.2 128 126 116
166.7 146.5 97.2 135 128 122
166.3 146.7 98.4 135 128 122
167.4 146.1 127.4 128 126 116
166.9 150.6 99.4 157 125 103
167.8 151.4 129.4 129 127 115
167.2 154.8 101.7 166 133 106
167.0 155.5 131.2 138 128 116
167.1 155.8 133.9 132 128 117
167.6 162.0 109.2 177 140 110
167.6 163.2 109.0 179 142 112
167.7 164.8 111.6 179 142 110
167.3 165.0 112.7 177 140 108
167.8 166.1 111.4 180 143 111
167.4 166.3 112.6 179 142 110
167.1 169.4 117.5 179 142 110
166.7 169.6 118.7 179 142 110
167.2 170.7 117.3 179 142 110
166.7 170.9 118.5 179 142 110
166.9 173.5 119.5 179 142 110
166.9 174.8 119.3 179 142 110
166.9 183.8 119.2 176 137 108
166.5 184.0 120.3 174 135 104
167.0 185.0 119.0 176 137 108
166.5 185.2 120.2 175 136 105
168.0 186.1 119.2 177 138 107
167.5 186.3 120.4 174 135 104
167.7 188.9 120.0 174 135 106
166.5 193.0 120.2 175 133 103
167.5 194.1 120.4 175 133 103
167.5 213.0 117.1 173 134 101
167.5 214.3 116.9 171 132 99
166.2 217.1 115.9 169 131 95
166.3 218.3 115.7 168 130 94
167.9 221.6 113.0 166 129 97
166.5 223.1 112.1 166 129 97
168.0 225.1 109.6 160 126 95
166.6 224.4 111.9 163 129 96
166.6 226.6 107.3 161 127 96
166.3 229.9 99.5 164 130 97
166.3 229.0 103.9 163 129 98
166.3 231.2 99.3 162 129 100
167.8 233.1 95.3 156 124 102
166.4 232.2 96.2 160 128 94
167.9 234.4 95.1 154 122 100
168.0 236.7 91.9 156 138 127
167.5 236.9 93.1 156 138 129
167.2 239.4 91.0 149 145 138
167.6 238.2 92.9 151 144 138
167.2 240.7 90.8 147 145 137
166.8 240.9 92.0 148 144 137
166.4 243.5 90.0 134 130 123
166.8 242.2 91.8 146 142 135
166.5 244.7 89.8 129 125 118
166.0 244.9 91.0 129 125 118
168.0 125.9 100.0 124 125 116
168.1 127.2 99.8 125 126 117
168.1 126.3 102.8 124 125 116
169.1 127.8 105.9 124 125 116
168.6 126.8 107.3 124 125 114
168.2 128.4 99.6 124 125 116
168.2 128.8 102.4 124 124 118
169.2 129.1 105.7 125 126 117
169.6 128.3 110.3 125 126 115
169.7 128.7 113.1 127 125 115
169.2 128.9 114.3 127 125 115
168.8 130.5 106.7 124 125 114
168.8 130.9 109.5 125 126 115
169.3 131.0 111.1 125 126 115
169.3 131.4 113.9 127 125 115
169.3 130.1 114.1 128 126 116
169.8 130.6 118.5 128 126 116
168.9 132.1 109.3 125 126 115
168.0 133.8 111.5 127 125 115
168.9 132.7 113.5 127 125 115
170.0 133.1 118.1 127 125 115
169.1 138.2 95.5 123 124 115
168.2 139.7 96.2 125 126 117
168.3 141.0 96.0 126 127 118
169.8 142.3 98.0 135 132 127
169.9 144.8 97.6 135 130 126
168.7 148.9 97.7 140 125 115
168.3 149.1 98.9 143 125 114
168.2 151.2 128.2 130 126 115
169.9 152.9 100.4 165 132 105
168.2 155.9 101.9 170 135 109
168.2 157.3 103.2 173 138 110
168.3 158.6 103.0 174 139 111
169.3 159.9 104.6 175 140 112
168.9 160.1 105.8 176 138 111
168.0 161.8 108.0 177 140 110
168.1 163.0 107.8 179 142 112
169.1 164.5 110.8 180 143 111
168.4 167.7 115.6 179 142 110
169.4 169.0 117.3 179 142 110
169.5 170.2 117.1 180 141 110
169.1 171.8 119.4 180 143 111
169.7 173.0 119.5 180 143 111
169.7 174.3 119.3 180 143 111
168.0 177.2 119.4 179 142 112
168.1 178.4 119.2 180 141 112
168.7 180.9 119.0 180 137 112
169.2 182.1 119.1 182 139 114
168.1 187.4 119.0 176 137 106
168.1 188.6 118.8 176 137 108
169.6 189.8 120.7 175 136 107
169.7 191.1 120.5 174 135 106
168.1 196.5 120.3 171 132 101
168.7 198.9 120.1 173 134 103
168.7 200.2 119.9 173 134 103
168.8 202.7 119.5 175 136 107
169.0 205.2 119.1 177 138 109
169.0 206.4 118.9 175 136 105
168.2 209.1 118.1 174 135 104
168.3 210.4 117.9 175 136 105
169.9 215.0 116.4 173 135 99
169.5 216.2 114.6 171 133 95
168.7 218.9 113.8 170 132 96
168.7 220.2 113.6 167 129 93
168.4 222.6 111.6 166 129 95
169.4 225.8 105.9 163 129 98
169.0 226.0 107.0 161 127 96
169.4 224.8 108.9 163 129 98
169.5 228.0 101.3 165 131 98
169.5 227.1 105.7 161 127 96
169.0 227.3 106.9 161 127 96
168.6 229.3 99.2 164 130 95
169.0 228.2 102.4 165 131 100
169.1 230.4 97.8 163 131 97
168.6 230.6 99.0 162 129 100
168.4 235.4 93.7 150 132 123
168.0 238.0 91.7 148 144 137
169.6 241.4 90.4 138 136 128
168.7 242.8 89.7 133 129 122
168.8 244.1 89.5 129 125 118
170.5 127.9 108.0 124 125 114
170.6 129.2 107.8 125 126 115
170.1 128.1 109.2 124 125 114
170.1 128.5 112.0 125 126 115
171.1 131.1 103.4 124 125 116
171.1 131.3 104.8 124 125 114
170.7 131.5 106.0 124 125 114
170.8 131.4 116.0 127 125 115
170.3 130.4 117.4 128 126 116
170.8 132.7 115.8 127 125 115
170.4 132.9 117.0 127 125 115
170.9 137.9 95.0 123 124 113
171.4 138.9 93.6 123 124 113
171.9 139.1 95.3 123 124 113
171.5 139.3 96.4 124 125 116
171.5 140.2 93.4 124 125 114
172.0 140.3 95.1 124 125 114
171.5 140.5 96.3 125 126 117
170.2 142.1 96.8 131 129 121
170.4 144.6 96.4 137 130 124
170.4 146.0 97.6 133 128 124
170.3 147.1 128.5 128 126 116
171.6 149.9 98.9 154 125 104
171.2 151.3 99.9 161 129 107
171.1 150.1 100.1 156 124 102
172.0 156.8 103.6 173 138 112
170.4 161.4 107.7 179 142 112
170.4 162.6 107.5 179 142 112
171.4 163.9 109.2 180 143 113
172.0 165.1 109.2 181 144 114
171.5 164.1 110.6 180 143 111
171.7 167.0 114.4 180 143 111
170.1 172.8 118.3 180 143 111
170.7 175.4 119.5 180 143 113
170.8 176.7 119.3 180 143 113
170.7 183.1 119.5 178 139 110
170.7 184.4 119.3 178 139 110
170.1 189.6 119.5 176 137 108
170.1 190.9 119.3 175 136 107
171.6 192.0 121.2 174 135 106
171.6 210.9 117.9 175 136 103
171.7 212.1 117.7 175 136 103
171.3 214.6 115.7 174 136 100
171.6 220.6 112.0 168 131 97
171.1 220.8 113.1 167 130 96
170.8 225.4 105.1 165 131 100
171.2 224.2 107.0 165 131 100
170.8 224.4 108.1 163 128 100
170.8 226.7 105.0 163 129 98
170.5 231.3 96.9 163 129 94
171.1 233.5 93.9 158 124 102
170.6 232.4 95.3 158 124 102
171.2 235.9 92.1 154 135 122
171.3 237.2 91.9 147 143 134
170.4 238.6 91.3 148 144 135
171.9 241.8 87.1 129 125 118
171.9 240.7 90.2 133 131 123
170.6 242.2 87.8 129 125 118
170.1 242.4 89.0 130 126 119
173.2 137.2 91.9 123 124 113
172.8 138.7 92.9 123 124 113
173.0 141.7 96.8 128 126 118
173.1 142.9 96.6 134 132 124
173.6 144.2 96.6 137 130 124
173.7 146.7 96.2 137 121 114
172.9 148.2 97.0 137 123 115
172.4 148.4 98.2 137 124 113
173.6 152.2 99.5 165 131 107
173.1 152.4 100.6 165 132 105
172.8 155.1 101.4 170 135 109
172.4 156.6 102.4 173 138 112
172.0 158.1 103.4 174 139 113
172.6 159.4 104.8 175 140 112
173.6 160.9 107.9 179 142 112
173.7 162.1 107.7 180 143 113
172.1 166.8 113.2 180 143 113
172.7 168.5 117.4 180 143 111
173.3 171.0 118.6 182 143 112
172.2 177.6 118.4 181 142 113
172.8 178.9 119.8 181 142 113
172.9 180.2 119.6 182 139 114
173.3 187.8 119.9 178 139 110
173.2 186.5 120.1 178 139 110
172.1 191.8 120.0 175 136 107
172.2 193.2 121.2 175 136 105
172.7 194.2 119.9 176 137 106
172.2 194.4 121.0 173 134 103
173.8 196.7 121.3 175 136 107
173.9 199.2 120.9 175 136 107
174.0 201.6 119.2 177 138 109
173.9 200.4 120.7 175 136 107
173.7 204.3 120.0 180 141 112
173.3 207.9 117.8 177 138 107
173.8 206.7 119.6 178 139 108
173.4 209.2 117.6 178 139 108
172.9 208.1 118.9 177 138 107
172.1 210.7 116.7 177 138 105
172.2 213.2 116.3 176 138 102
173.3 217.8 113.2 172 136 99
172.9 218.0 114.4 170 132 96
173.4 219.0 113.1 170 134 97
172.9 219.2 114.2 169 131 95
172.1 221.7 110.6 168 131 97
174.0 223.5 106.9 166 132 101
172.1 222.9 110.4 165 131 100
172.6 224.8 103.3 166 132 99
172.2 225.0 104.4 165 131 100
172.2 227.3 101.2 165 131 96
172.7 226.1 103.1 166 132 99
172.2 226.3 104.2 164 130 99
173.2 228.2 98.7 168 131 97
173.8 230.4 95.7 164 130 95
173.3 230.6 96.9 163 129 94
173.5 235.3 91.9 158 132 117
172.1 234.4 92.8 148 129 116
173.2 237.8 89.9 150 142 130
173.6 236.6 91.7 146 142 131
173.2 239.1 89.7 143 139 132
172.7 238.0 91.0 147 143 132
172.4 241.6 86.0 128 124 115
172.4 240.5 89.0 133 129 122
172.4 242.9 85.8 127 123 114
174.1 136.8 89.6 122 123 114
175.6 138.0 90.1 122 123 112
174.2 137.3 93.8 123 124 113
175.1 137.4 95.7 123 124 113
174.7 138.2 91.0 123 124 113
175.7 141.0 93.9 124 125 116
174.8 141.2 94.9 126 124 116
174.4 141.4 96.1 127 125 117
175.0 143.9 95.9 134 130 123
174.9 142.6 96.1 132 130 122
174.7 147.9 96.5 138 122 115
175.3 149.4 99.4 154 124 106
175.8 150.4 98.0 156 126 108
175.3 150.6 99.2 158 128 110
174.0 160.7 106.7 179 142 112
175.2 163.4 109.6 180 143 113
175.2 164.6 109.4 181 144 114
174.4 166.4 112.9 181 144 114
175.9 167.8 116.2 180 143 111
176.0 169.0 116.0 181 144 114
175.6 170.5 117.0 181 144 112
175.2 170.7 118.1 182 143 112
174.8 172.1 119.1 182 143 112
175.4 174.5 119.0 182 143 114
176.0 176.9 118.8 182 143 114
174.4 182.4 119.9 181 142 113
175.5 184.8 120.0 180 141 112
174.3 188.9 120.1 177 138 109
174.3 190.1 119.9 178 139 108
175.3 191.2 120.2 178 139 108
174.3 197.8 120.0 177 138 109
174.2 196.5 120.2 177 138 109
174.3 199.0 119.8 177 138 109
174.4 200.2 119.6 176 137 108
174.5 202.7 119.2 178 139 110
174.1 202.9 120.4 176 137 108
174.2 205.4 120.0 178 139 108
174.2 206.5 118.4 180 141 110
175.8 211.0 115.5 180 141 108
175.4 211.2 116.7 178 139 106
175.9 213.5 115.2 177 139 103
175.9 212.4 116.7 177 139 103
174.6 215.1 115.7 174 136 100
174.7 216.4 115.5 173 135 99
175.3 219.8 112.4 169 132 98
175.3 220.8 109.4 170 133 101
174.9 221.0 110.6 169 132 100
175.4 223.0 104.8 168 134 99
175.4 223.1 106.2 167 133 100
175.4 222.1 109.2 166 132 101
174.9 222.3 110.4 165 130 102
175.4 224.0 101.8 172 136 99
174.9 224.2 103.0 168 135 97
174.6 227.8 98.0 169 132 98
174.5 226.6 99.6 168 131 97
174.6 229.0 97.8 166 132 97
174.7 231.3 94.6 160 126 102
175.8 233.4 91.9 153 126 104
175.3 233.6 93.0 152 126 111
174.8 232.6 94.4 159 125 101
175.5 237.2 89.6 151 138 125
174.0 236.4 90.5 147 139 127
174.6 239.8 87.3 132 125 117
175.5 238.5 89.4 142 135 129
174.2 240.0 88.5 134 127 121
176.6 139.3 91.8 123 124 113
176.1 138.2 93.1 123 124 113
177.3 143.5 95.7 133 131 123
177.8 144.9 97.1 133 129 122
177.9 146.1 96.9 136 122 114
177.4 154.4 100.9 170 137 110
177.5 155.9 103.5 172 137 111
177.6 157.2 103.3 175 137 112
177.7 158.7 106.0 175 140 114
177.4 162.8 107.9 182 143 114
177.9 162.9 109.6 182 143 114
177.6 165.7 111.7 182 144 117
177.2 165.9 112.9 181 143 116
176.4 167.6 115.0 181 144 114
176.4 168.8 114.8 182 145 115
177.0 178.1 119.1 182 143 114
177.4 185.6 119.3 181 142 113
176.9 185.8 120.5 178 139 110
177.4 186.9 119.1 182 143 114
177.0 187.1 120.3 180 141 112
177.3 192.1 120.9 178 139 108
177.4 194.6 120.5 180 141 112
178.0 196.9 119.0 180 141 110
177.5 197.1 120.1 180 141 112
177.6 198.3 119.9 178 139 110
177.7 200.8 119.6 181 142 111
177.8 202.1 119.4 182 143 112
177.9 205.8 118.8 180 141 110
177.5 207.0 117.0 181 142 111
177.1 207.2 118.2 178 139 108
177.1 208.4 118.0 180 141 110
176.4 212.2 115.6 178 140 104
176.6 217.0 113.4 174 138 101
176.6 218.3 113.2 172 136 99
177.8 225.9 99.8 168 131 97
176.5 229.7 95.7 165 131 98
177.5 230.5 93.2 164 129 101
177.0 230.7 94.4 162 129 102
176.8 235.5 89.1 147 133 116
176.3 235.7 90.3 150 137 124
177.4 239.1 87.4 131 124 114
177.4 264.7 19.7 145 145 141
176.9 264.9 20.9 118 116 108
178.3 137.6 90.1 122 123 114
178.4 138.8 89.9 122 123 114
178.5 140.1 89.7 123 124 115
179.9 141.4 91.7 124 125 116
179.5 141.6 92.8 124 125 116
179.5 142.8 92.6 125 126 117
178.2 143.3 94.7 131 129 121
178.3 144.7 96.0 132 130 122
179.1 151.4 99.4 165 132 105
178.7 151.6 100.6 165 131 107
178.7 152.8 100.4 169 135 111
178.1 158.5 104.8 174 139 113
178.2 160.1 107.4 179 142 112
178.9 163.9 108.4 182 143 114
178.5 164.1 109.6 182 143 114
178.2 167.2 114.5 182 145 115
178.3 168.4 114.4 183 146 116
179.3 169.9 117.4 182 145 115
178.1 171.5 119.3 182 143 112
178.6 172.6 117.9 182 145 113
178.1 172.8 119.1 182 143 112
179.6 175.1 119.4 184 145 114
179.0 180.3 119.6 184 142 114
179.6 182.7 119.4 184 142 114
179.4 187.8 119.8 182 143 114
179.4 189.1 119.6 182 143 112
178.9 188.0 121.0 180 141 112
178.0 198.1 118.8 180 141 110
178.1 200.6 118.4 181 142 111
178.3 203.1 118.0 182 143 112
178.4 205.6 117.6 181 142 111
178.4 204.4 119.2 181 142 111
179.2 212.8 115.4 178 140 104
178.3 214.2 114.7 176 138 102
179.8 216.3 113.6 176 138 102
179.4 219.7 107.3 173 137 100
179.0 219.9 108.4 172 135 101
178.0 219.0 111.0 173 136 104
179.5 220.9 107.1 170 136 101
178.1 220.2 109.4 170 133 101
178.1 223.4 101.8 172 136 99
179.0 222.0 103.9 173 137 100
178.6 222.2 105.0 170 134 97
178.2 225.6 98.6 170 133 99
178.2 224.6 101.6 170 134 97
179.2 226.6 97.5 169 132 100
179.8 228.9 96.0 167 130 98
178.1 232.8 91.6 155 126 103
178.1 234.1 91.4 155 126 103
179.1 236.2 88.7 150 131 114
179.2 238.6 86.9 134 125 108
180.1 145.5 93.9 135 124 115
180.6 144.3 95.7 133 131 123
181.2 146.9 97.0 133 122 113
180.7 147.1 98.1 136 122 114
180.3 148.6 99.1 155 122 105
180.1 152.5 99.7 169 136 109
181.7 155.3 104.2 171 138 111
181.7 156.6 104.0 175 137 112
181.0 159.5 106.0 179 141 114
181.0 159.6 107.4 179 141 114
180.9 165.2 111.9 183 144 115
181.9 166.5 113.6 183 145 118
181.5 166.7 114.7 183 145 118
181.6 169.3 115.7 183 146 116
181.7 170.8 118.3 182 145 115
180.0 173.6 118.4 182 145 113
180.1 174.9 118.2 183 146 114
181.1 176.1 119.9 183 144 113
181.0 183.7 119.9 182 143 114
181.1 185.0 119.7 182 143 114
181.6 186.1 119.7 183 144 115
180.5 190.3 121.2 180 141 110
181.5 192.5 119.9 181 142 113
181.1 192.7 121.1 180 141 110
181.7 195.1 120.9 181 142 113
181.4 208.7 117.0 180 143 109
180.1 211.4 116.0 180 142 106
180.0 210.1 116.2 180 143 109
180.3 216.1 112.5 177 139 103
181.7 219.1 107.0 175 139 102
180.4 218.5 110.7 173 136 104
180.4 221.7 103.2 176 138 102
181.8 220.4 106.8 172 136 99
180.9 222.7 101.8 173 137 100
181.9 224.8 99.1 170 133 101
181.2 229.6 93.7 165 131 100
180.2 228.7 94.8 168 131 101
181.2 230.9 93.5 161 127 96
180.9 234.5 89.9 146 127 110
182.7 141.5 95.9 125 126 117
182.7 140.2 96.1 124 125 116
183.3 142.7 95.9 126 127 118
183.9 146.4 95.6 133 122 113
183.6 148.0 98.0 151 121 103
182.7 148.2 98.9 152 122 104
182.9 153.5 100.9 171 136 110
182.5 153.7 102.1 172 137 111
182.1 155.1 103.1 171 138 111
182.2 156.4 102.9 175 137 112
182.3 157.9 105.5 176 138 113
182.5 160.7 107.9 180 142 115
183.0 162.0 109.3 182 143 112
182.4 167.7 113.6 183 145 118
182.0 167.9 114.8 184 146 119
182.2 170.6 117.2 183 146 116
183.2 172.9 117.2 184 147 117
182.8 173.1 118.4 184 147 115
183.3 174.2 117.0 185 148 118
182.9 174.4 118.2 184 147 115
182.6 177.0 119.0 184 145 114
182.1 177.2 120.1 183 144 113
182.2 178.5 119.9 183 144 113
183.7 180.6 118.9 183 144 113
182.1 185.9 118.6 183 144 113
182.2 187.3 119.8 183 144 115
182.2 188.5 119.6 183 144 115
182.0 193.6 120.0 182 143 114
182.1 194.9 119.8 182 143 114
182.2 196.1 119.6 182 143 112
182.3 198.6 119.2 181 142 111
182.4 201.0 118.8 183 144 113
182.5 202.3 118.7 183 144 113
182.6 204.7 118.3 182 145 113
182.7 207.2 117.9 181 144 112
183.7 209.2 115.2 181 144 112
183.7 208.1 116.8 181 144 110
183.8 210.5 115.0 180 143 109
183.3 210.7 116.2 180 143 109
183.4 213.1 115.8 177 139 103
182.5 214.4 113.8 177 139 103
182.1 214.6 114.9 176 138 102
182.6 217.8 109.1 175 139 102
183.1 216.7 112.3 175 139 102
182.2 218.9 105.9 177 139 103
182.2 218.0 110.2 174 137 103
183.7 220.9 103.4 176 138 100
182.2 220.2 105.7 173 137 100
183.3 225.5 96.8 173 134 101
182.9 225.7 98.0 170 133 101
183.0 227.0 97.8 169 132 100
182.7 231.6 91.2 160 128 104
182.7 232.9 91.0 156 124 100
183.3 235.2 89.5 149 126 105
183.3 236.4 89.3 137 128 111
184.5 139.9 95.6 123 124 115
185.4 147.7 97.5 151 118 101
186.0 149.2 100.4 156 126 108
184.7 150.7 100.9 165 130 104
184.2 159.0 106.2 180 142 115
185.5 164.4 111.5 182 143 114
185.2 165.9 113.8 183 144 115
185.2 167.2 113.6 184 145 116
185.8 168.6 116.4 184 146 119
184.6 171.4 116.7 184 147 117
185.2 175.2 117.8 185 146 115
184.8 175.4 118.9 184 145 114
185.8 176.5 119.2 184 145 114
184.7 182.9 118.9 183 144 113
184.8 184.2 118.7 184 145 114
184.6 189.3 119.1 185 146 115
184.2 189.5 120.3 183 144 115
184.3 191.9 119.9 182 143 114
184.2 190.7 120.1 182 143 114
184.8 193.1 119.9 182 143 114
184.9 194.3 119.8 183 144 115
185.5 196.7 119.6 183 144 113
185.7 200.3 119.0 184 145 114
185.8 203.9 117.1 183 146 114
185.8 202.8 118.7 183 146 114
184.5 205.5 117.6 182 145 113
185.4 204.1 118.3 183 146 114
184.1 207.9 115.6 181 144 112
184.5 206.7 117.4 182 145 113
185.7 211.2 114.4 181 144 110
184.4 214.0 113.3 177 141 104
185.7 212.5 114.2 179 143 106
184.9 215.0 112.0 179 143 106
185.9 217.1 109.3 176 140 103
184.9 216.2 111.8 175 139 102
185.0 218.3 105.9 178 140 104
185.1 221.7 101.1 175 136 103
184.1 220.7 102.3 178 140 102
185.1 222.9 101.0 174 135 102
184.4 227.7 95.5 170 131 100
185.5 233.3 89.5 149 125 102
185.1 233.5 90.6 148 125 104
185.7 237.0 87.5 135 123 103
186.7 145.8 94.2 129 120 111
186.2 146.0 95.4 130 121 112
186.8 147.4 96.8 151 118 101
186.9 148.9 99.4 155 125 107
187.8 157.0 105.5 176 138 113
187.4 157.2 106.6 176 138 113
187.9 158.3 105.3 181 141 115
187.5 158.5 106.4 180 142 115
187.7 161.4 110.2 182 143 112
186.2 168.4 115.2 184 146 119
187.4 172.3 117.9 185 148 118
186.3 177.5 117.8 184 145 114
186.2 176.3 118.0 185 146 115
186.9 178.8 119.2 184 145 114
187.9 181.1 119.3 183 144 113
186.8 186.3 119.3 183 144 113
186.1 199.0 119.5 183 144 113
186.1 200.1 117.9 184 145 114
186.2 202.6 117.5 183 146 114
187.4 207.2 115.9 181 144 110
186.9 208.5 115.4 182 145 111
187.1 213.2 111.9 181 144 110
186.7 213.4 113.1 180 144 107
187.1 214.2 109.0 182 144 108
187.2 214.3 110.4 181 143 107
187.3 217.7 105.7 178 140 102
186.3 216.9 108.1 178 140 104
187.3 218.9 105.5 176 138 100
187.0 223.5 98.9 174 135 102
186.6 223.7 100.1 172 135 103
186.3 229.6 93.3 167 130 100
187.7 230.5 92.4 160 128 104
186.4 232.8 85.7 154 125 100
187.9 234.0 89.1 145 121 96
186.4 234.1 85.5 149 120 95
187.9 235.2 88.9 136 124 104
186.1 236.8 86.3 135 121 102
189.9 152.7 103.1 171 136 110
188.6 154.2 103.6 173 138 112
188.1 154.4 104.7 173 138 112
188.0 159.8 107.9 180 142 115
188.6 161.1 109.3 182 143 112
188.6 162.3 109.1 182 143 112
188.2 162.5 110.3 182 143 112
189.7 163.7 112.1 183 144 113
189.8 165.3 114.7 184 145 116
190.0 167.8 115.7 186 147 118
188.7 170.7 117.4 184 147 117
189.0 174.5 118.2 184 147 115
189.5 176.9 118.0 184 145 114
188.3 179.7 118.4 184 145 114
188.4 180.9 118.2 184 145 114
188.5 182.3 119.4 183 144 113
189.0 184.6 119.2 184 145 114
189.6 187.0 119.1 184 145 114
188.8 188.5 119.8 185 146 115
188.9 190.9 119.4 183 144 113
189.9 192.0 119.7 183 144 113
189.8 199.4 118.3 184 145 114
189.4 200.7 117.9 184 145 114
189.0 203.2 117.3 183 146 114
188.2 204.6 116.7 183 146 114
189.7 206.7 115.6 182 145 111
189.8 209.0 113.9 183 146 112
189.3 209.2 115.0 182 145 111
188.9 210.4 113.2 182 145 111
188.4 210.6 114.4 182 145 111
188.5 212.8 111.2 182 144 108
188.2 216.4 107.7 180 142 106
188.3 219.8 103.0 178 140 104
189.7 221.8 101.9 175 136 103
189.7 220.6 102.1 176 137 104
188.5 225.6 97.9 171 132 101
188.9 224.3 98.3 175 133 101
188.2 230.3 91.3 161 129 105
188.7 232.5 89.8 149 125 100
189.7 234.5 85.7 139 121 99
189.3 234.7 86.8 138 122 101
191.1 141.7 97.2 125 123 113
191.6 142.9 97.2 126 124 114
191.7 144.1 97.1 132 123 114
190.6 149.8 101.1 164 128 105
190.2 150.0 102.3 165 130 104
191.6 150.9 101.4 166 130 107
190.3 151.2 102.1 168 133 107
190.2 165.1 113.6 183 144 115
190.3 166.3 113.4 184 145 116
190.0 169.1 115.5 186 147 116
190.2 171.8 117.9 185 148 118
190.3 173.0 117.7 185 148 118
191.7 174.0 118.2 184 147 115
190.5 178.0 118.3 185 146 115
190.7 180.4 117.9 184 145 114
191.7 181.5 118.2 184 145 112
191.7 182.7 118.0 183 144 111
190.0 185.6 118.1 184 145 114
190.1 186.8 117.9 184 145 114
191.5 187.8 118.4 185 146 115
191.1 188.0 119.5 185 146 115
190.0 194.4 119.3 184 145 114
190.2 196.9 118.9 184 145 114
190.2 198.1 118.7 184 145 114
191.8 202.5 115.9 185 146 115
191.4 202.7 117.1 185 146 115
191.0 205.1 115.1 184 145 112
190.5 204.1 116.4 183 146 114
192.0 207.3 113.8 184 145 112
190.1 206.5 114.5 184 145 112
190.7 209.9 111.4 184 146 110
191.6 208.6 113.4 185 146 113
190.7 211.1 111.2 183 145 109
190.2 210.1 112.5 184 145 112
190.4 213.5 109.2 182 144 106
191.7 212.0 110.1 182 144 106
190.4 214.7 109.0 181 143 105
190.1 220.4 101.0 177 139 103
191.6 222.5 99.9 176 134 102
190.9 227.4 95.9 169 132 102
190.8 226.2 96.1 170 131 100
191.8 228.2 93.4 166 131 103
191.4 228.4 94.6 167 130 100
191.5 231.8 89.8 151 124 100
191.5 232.9 86.8 154 123 96
190.6 233.3 89.1 147 120 96
191.6 234.3 89.4 137 123 104
193.9 149.3 101.4 163 127 106
193.2 160.3 108.9 181 142 113
193.2 160.4 110.2 182 143 114
193.8 163.1 112.8 183 144 113
193.5 164.5 113.8 183 144 113
192.7 167.4 115.7 186 147 118
192.8 168.6 115.5 186 147 116
192.4 170.0 116.5 186 147 116
193.9 171.0 117.0 186 147 116
192.2 173.8 117.0 185 146 115
192.7 175.0 117.1 185 146 115
192.3 175.2 118.2 184 147 115
192.8 176.2 116.9 186 147 116
192.3 176.4 118.0 186 147 116
192.3 183.9 118.1 184 145 112
193.7 184.9 118.6 184 145 112
193.8 186.1 118.4 186 144 112
192.1 189.1 119.8 184 145 114
192.2 190.3 119.6 184 145 114
193.2 192.6 119.7 184 145 114
193.8 194.9 119.6 184 145 114
193.9 196.1 119.4 184 145 114
193.1 199.8 117.0 185 146 113
194.0 198.6 119.0 185 146 115
192.7 201.2 118.0 185 146 115
192.6 200.0 118.1 184 145 114
193.7 203.3 115.3 184 145 112
193.7 204.5 115.1 184 145 112
192.5 209.4 110.9 184 146 110
192.6 210.6 110.8 183 145 107
193.6 212.8 109.5 182 144 106
192.3 215.4 107.0 181 143 105
193.3 216.3 105.9 181 143 105
192.0 222.3 98.8 176 134 104
194.0 224.3 98.0 171 132 101
192.8 229.2 92.3 164 130 106
192.8 230.4 92.1 159 125 101
194.9 150.5 101.7 166 130 109
195.4 151.8 103.1 171 136 110
194.0 152.1 103.8 171 136 110
195.1 153.4 105.5 173 138 112
195.2 156.0 106.5 176 138 111
194.8 156.1 107.6 176 138 113
194.0 158.8 108.1 181 141 115
194.3 162.9 111.7 184 145 114
195.7 169.4 116.7 186 147 116
195.4 173.3 117.3 185 146 115
195.9 174.4 117.3 185 146 115
194.7 177.2 117.6 185 146 115
194.3 177.4 118.8 185 146 115
194.7 178.4 117.4 186 147 116
194.3 178.6 118.6 186 147 116
195.3 180.7 117.3 185 146 113
194.9 180.9 118.4 185 146 113
195.5 183.2 116.9 185 143 111
195.0 182.1 118.2 184 145 112
195.6 185.7 117.9 186 144 112
195.6 184.5 118.1 185 143 111
195.7 186.9 117.7 186 144 112
194.8 187.2 118.6 186 144 112
194.8 188.4 118.4 186 144 112
195.4 190.8 118.3 185 143 111
194.2 193.6 120.0 183 144 113
195.1 194.5 117.5 185 144 109
194.2 194.7 118.4 185 143 111
195.3 196.9 117.2 187 146 111
194.4 197.3 119.4 184 145 114
194.4 198.4 117.9 185 146 113
195.9 201.5 115.3 187 146 111
195.4 200.5 116.6 186 147 114
195.5 202.7 113.5 186 145 110
195.5 202.8 114.9 186 145 110
195.6 205.2 113.1 187 146 111
195.6 204.1 114.7 186 145 110
194.3 206.7 113.6 186 145 110
195.9 211.1 110.8 182 144 106
194.0 212.6 108.3 183 145 107
194.7 218.3 103.5 180 139 104
194.3 218.5 104.7 178 140 104
195.7 220.4 102.2 177 136 101
194.2 230.0 91.5 160 127 100
195.5 228.5 92.4 165 132 105
194.6 230.8 87.3 160 129 102
195.1 230.8 89.0 157 126 99
197.4 146.2 100.9 150 117 100
196.1 154.5 105.7 175 137 110
196.9 166.6 115.0 185 146 115
196.1 169.2 115.6 185 146 115
197.6 171.5 115.9 188 149 118
197.1 170.5 117.2 186 147 116
197.0 176.7 117.4 187 145 115
196.0 185.5 116.8 185 143 111
196.7 188.0 118.0 186 144 112
196.7 189.2 117.8 185 143 111
197.3 191.6 117.7 186 145 110
197.7 190.3 118.1 185 144 109
197.9 193.9 117.5 185 144 107
196.0 193.1 118.2 185 144 109
197.5 195.1 115.8 186 145 108
197.0 195.3 116.9 187 146 109
197.5 196.3 115.6 185 144 107
197.1 196.5 116.7 186 145 108
196.3 199.0 115.9 187 146 111
196.3 200.3 115.7 188 147 112
197.7 209.6 111.9 183 145 107
197.6 208.3 112.1 184 146 110
196.3 210.9 109.7 183 145 107
196.5 214.5 107.8 183 145 107
197.0 217.7 103.3 180 139 104
196.8 224.8 97.8 171 132 101
197.8 226.9 95.2 167 132 104
196.9 226.0 97.6 169 132 102
198.6 151.3 103.4 171 135 112
198.8 152.8 106.0 172 137 111
199.7 154.0 106.3 175 137 112
199.2 159.5 110.5 181 142 113
199.2 160.7 110.3 182 143 114
198.1 163.7 113.4 184 145 114
198.1 163.8 114.7 184 145 114
199.1 164.8 113.6 184 145 114
198.6 165.0 114.8 184 145 114
199.8 168.6 116.0 185 146 115
198.6 172.7 117.5 185 146 115
198.5 178.9 117.7 187 145 115
198.6 180.1 117.5 187 145 115
199.9 188.5 116.7 185 143 111
198.2 190.1 117.0 185 144 109
198.3 192.6 117.9 185 144 107
198.8 204.5 113.4 187 146 111
199.4 206.7 111.9 185 147 111
199.0 206.9 113.0 185 147 111
198.0 208.2 111.0 184 146 110
198.7 211.6 109.3 183 145 107
198.7 212.8 109.1 182 144 106
198.8 215.1 107.4 183 142 107
198.9 216.3 107.2 180 142 106
198.0 221.0 100.5 177 135 103
198.1 222.2 100.3 175 133 101
199.2 227.6 92.9 165 132 105
202.0 145.7 101.9 150 117 102
200.7 147.3 103.8 156 123 106
200.1 152.4 103.9 172 136 113
200.1 152.6 105.3 172 137 111
201.8 157.7 109.4 180 143 113
201.4 157.9 110.5 180 142 115
200.3 161.9 112.0 184 145 114
201.5 165.9 116.0 185 146 115
201.6 167.1 115.8 186 147 116
201.2 169.7 116.5 186 147 116
201.3 170.9 116.4 188 149 118
200.1 173.6 116.7 185 146 115
200.1 173.7 118.0 185 146 115
200.2 174.9 117.8 187 145 115
200.7 176.1 117.9 187 145 115
200.8 178.5 117.5 187 145 115
201.9 180.8 117.6 186 144 114
200.1 182.4 117.9 186 144 112
200.2 184.8 117.5 185 143 111
200.3 187.2 117.1 185 143 111
200.4 189.6 116.7 184 143 108
200.9 190.6 115.4 187 144 109
200.5 190.8 116.6 185 144 109
201.5 192.9 115.3 187 144 107
201.1 193.1 116.4 187 144 107
201.6 194.1 115.1 188 145 108
201.2 194.3 116.2 185 144 107
201.3 196.7 115.9 187 146 109
201.4 199.1 115.5 187 146 111
200.5 201.6 113.3 186 145 110
201.5 200.4 115.3 187 146 111
200.6 202.8 113.1 187 146 111
200.2 203.0 114.3 187 146 111
201.7 207.4 111.5 184 146 110
201.8 208.6 111.3 184 146 110
200.5 210.0 110.4 183 145 109
200.2 217.0 103.6 182 141 104
200.3 219.4 103.2 179 138 103
201.8 222.4 99.3 172 135 101
201.4 222.6 100.4 173 134 103
202.1 147.0 103.1 155 122 105
203.1 155.0 109.1 176 138 111
203.1 156.2 108.9 179 142 112
202.7 162.9 113.0 184 145 114
202.2 163.1 114.1 184 145 114
202.8 171.9 116.9 186 147 116
203.8 173.0 117.1 185 146 115
203.8 174.2 117.0 188 146 116
202.2 179.4 116.7 186 144 114
202.4 181.9 117.6 186 144 112
202.9 183.0 117.7 186 144 112
203.0 184.2 117.5 185 143 111
203.6 187.6 115.8 185 144 109
203.1 186.6 117.1 185 143 111
203.2 189.0 116.8 187 144 109
203.9 203.3 113.2 187 146 111
203.9 204.5 113.0 187 146 111
202.9 213.1 109.7 185 144 109
203.4 215.2 106.8 183 142 107
202.6 217.6 103.2 182 141 106
202.1 217.8 104.4 182 141 106
203.2 223.3 98.4 173 136 102
203.8 225.5 96.9 168 134 103
203.3 224.5 98.3 170 135 107
205.4 148.1 106.0 163 127 106
204.8 153.3 107.5 176 138 113
204.3 158.8 111.7 182 143 112
205.8 161.2 113.4 183 144 113
205.9 162.4 113.2 184 145 114
204.6 164.0 115.1 184 145 114
205.3 167.8 117.5 186 147 116
204.2 174.0 115.8 188 146 116
204.2 172.8 116.0 185 146 115
205.3 175.2 117.5 187 145 115
205.3 176.4 117.3 187 145 115
204.6 189.9 115.9 187 144 109
204.6 188.7 116.1 186 143 108
205.6 190.9 116.2 186 143 106
205.6 199.4 114.7 188 145 110
204.8 202.0 113.9 189 146 111
204.7 200.8 114.0 188 145 110
205.6 211.3 109.9 184 143 106
205.1 210.3 111.2 185 144 109
205.9 219.3 103.2 178 136 104
206.0 220.5 103.0 175 133 101
205.1 225.1 96.3 168 134 103
204.8 227.5 94.3 163 131 99
206.3 147.8 105.1 163 127 106
206.9 149.2 106.5 165 129 108
206.5 151.6 105.9 174 135 113
207.4 150.3 106.6 172 133 111
207.4 164.7 114.9 185 146 115
207.0 164.9 116.0 185 146 115
207.1 166.1 115.9 186 147 118
206.3 168.9 117.7 186 147 116
206.4 170.1 117.5 188 149 118
207.9 172.2 116.5 185 146 115
206.3 177.3 116.2 187 145 113
206.4 178.6 117.4 186 144 112
207.0 181.0 117.3 186 144 112
208.0 182.0 117.5 186 144 112
207.6 185.6 115.4 185 144 109
207.6 184.5 116.9 186 144 112
207.7 186.9 116.6 184 143 108
207.8 188.1 116.4 186 143 106
206.6 192.0 116.5 187 144 107
206.2 193.3 116.1 188 145 108
206.3 195.7 115.7 188 145 108
206.7 194.4 116.1 187 144 107
206.4 196.9 115.5 188 145 108
206.4 198.0 115.3 189 146 111
207.7 204.9 113.4 186 145 110
207.2 206.1 111.6 187 146 109
206.8 206.3 112.7 187 146 111
206.9 208.6 111.0 185 144 107
206.5 208.8 112.1 185 144 109
208.0 211.9 109.6 185 144 107
207.6 215.3 104.7 183 142 105
207.6 214.3 107.6 183 142 105
206.3 219.1 102.1 177 139 103
206.4 220.3 101.9 176 138 102
209.2 148.8 106.3 164 128 107
208.2 154.3 110.3 176 138 113
208.8 156.8 111.5 180 143 113
208.9 173.2 116.8 188 146 116
209.9 174.3 117.1 187 145 115
208.4 181.8 116.4 185 144 109
208.0 184.3 115.8 186 145 110
208.2 186.7 115.5 184 143 108
208.3 189.1 115.1 186 143 106
209.3 190.1 115.4 186 143 104
208.8 190.3 116.5 186 143 106
209.8 192.4 115.2 187 144 105
209.4 192.6 116.4 187 144 107
209.8 200.8 113.7 189 146 109
209.4 201.0 114.8 189 146 111
208.9 202.2 113.1 189 146 109
208.5 202.4 114.2 187 146 111
208.1 204.8 112.2 187 146 109
209.0 212.9 109.8 184 143 106
209.0 217.3 103.7 180 139 104
209.5 216.1 105.5 182 141 106
208.3 221.0 101.3 173 136 102
210.9 147.3 106.1 161 125 104
210.4 153.9 110.1 176 138 113
211.0 155.1 110.2 177 139 112
211.6 157.7 112.8 181 142 111
211.8 160.3 115.1 183 144 113
211.1 163.0 115.6 185 146 115
210.4 166.9 117.3 186 147 118
210.9 176.5 117.2 186 144 112
211.5 178.9 117.1 188 145 110
210.3 191.2 115.7 187 144 105
211.3 193.4 115.8 187 144 105
210.9 193.6 116.9 187 144 107
211.4 194.6 115.6 187 144 107
210.9 194.8 116.7 188 145 110
211.9 196.9 115.5 188 145 108
211.5 197.1 116.6 189 146 111
210.7 198.4 115.9 189 146 111
210.6 209.0 111.3 185 144 105
210.7 210.2 111.2 184 143 104
211.7 213.4 108.4 184 143 106
211.5 221.4 101.4 175 136 105
211.6 222.6 101.2 170 136 105
210.2 225.1 97.4 165 133 101
212.7 160.1 114.2 183 144 113
213.2 167.6 117.2 186 147 118
212.8 167.8 118.3 186 147 118
213.3 168.8 117.0 188 149 120
212.8 169.0 118.1 188 149 120
213.8 170.1 118.4 186 147 116
212.5 179.9 117.3 187 144 109
212.5 181.1 117.2 187 144 109
212.6 182.3 117.0 187 144 109
213.6 184.5 117.1 187 144 109
213.2 204.9 113.3 187 146 109
213.3 206.1 113.1 187 146 109
213.0 210.8 110.8 186 143 104
213.7 217.5 104.5 177 138 105
213.8 218.7 104.4 176 137 104
212.5 223.4 98.8 170 133 99
212.0 222.4 100.1 171 137 106
216.0 138.1 107.6 122 123 114
215.6 138.3 108.7 123 124 115
214.8 140.8 107.8 125 123 113
214.7 148.1 107.8 165 129 108
215.3 150.6 109.1 174 135 115
214.6 153.3 110.9 176 138 113
214.6 154.5 110.8 177 139 112
214.5 158.5 114.0 182 143 112
214.8 163.7 117.3 185 146 115
214.9 164.9 117.1 186 147 118
214.2 169.9 117.3 186 147 116
214.3 171.0 117.1 185 146 115
215.3 172.1 117.4 187 145 113
214.9 172.3 118.5 187 145 113
215.4 174.5 117.0 186 145 110
215.0 174.7 118.1 186 145 110
214.2 185.6 117.1 186 143 108
214.2 186.8 117.0 186 143 106
215.3 189.0 117.1 186 143 104
215.3 190.2 116.9 187 144 105
216.0 193.7 116.6 187 144 107
215.3 199.8 115.2 188 145 108
214.5 201.1 114.6 189 146 109
214.1 203.6 114.0 187 146 109
214.5 202.3 114.4 189 146 109
214.0 211.8 111.1 186 143 104
215.4 213.6 107.4 184 143 108
215.5 214.8 107.2 182 141 106
215.6 219.4 103.8 175 136 105
216.0 139.3 107.4 120 121 110
217.6 142.9 108.9 129 120 111
217.7 144.1 108.7 147 116 103
217.8 146.5 108.4 160 124 101
217.7 151.7 111.4 175 137 112
216.2 155.8 114.0 180 142 115
216.2 157.0 113.8 180 143 111
217.5 161.9 116.2 184 145 114
217.1 162.1 117.3 184 145 114
217.3 165.8 118.1 186 147 118
216.4 175.5 117.3 186 145 110
217.4 176.6 117.6 187 144 107
217.0 176.8 118.7 187 144 107
216.4 192.4 117.0 187 144 105
216.5 194.8 116.6 187 144 107
216.1 197.2 116.0 188 145 108
216.2 198.4 115.9 188 145 108
216.6 206.6 113.3 188 145 106
217.1 208.7 111.8 187 144 105
216.2 209.0 112.7 186 143 104
216.4 215.7 106.2 180 138 106
216.0 219.2 102.7 176 137 104
217.2 224.8 99.5 168 131 99
218.7 145.2 109.0 151 120 107
218.1 151.5 110.3 175 137 112
218.3 166.8 118.4 186 147 118
219.3 169.1 118.5 187 145 115
219.4 170.2 118.3 187 145 115
218.4 178.8 117.7 186 143 106
218.0 179.0 118.8 187 144 107
219.5 181.0 117.8 186 143 106
218.1 180.2 118.6 186 143 106
219.5 182.2 117.6 186 143 106
219.1 182.4 118.7 187 144 107
220.0 200.0 116.0 188 145 106
219.2 203.6 113.7 189 146 107
219.2 202.5 115.2 189 146 107
218.8 204.9 113.3 189 146 107
218.4 205.0 114.4 189 146 107
218.8 206.0 113.1 189 146 107
219.1 211.7 109.5 185 144 109
218.6 211.9 110.6 184 143 106
219.3 217.4 105.9 176 137 104
219.2 216.3 106.1 177 138 105
219.4 220.8 102.7 173 136 102
220.3 148.7 110.5 170 131 109
221.5 152.5 113.2 176 138 113
220.5 157.7 115.7 181 144 112
220.1 159.1 116.7 183 144 111
220.2 160.3 116.5 183 144 111
220.8 162.7 117.7 185 146 115
220.4 162.9 118.8 185 146 115
220.4 164.1 118.6 186 147 118
220.4 171.3 118.6 188 146 114
221.4 172.3 118.9 186 144 112
221.9 174.6 118.8 186 145 110
220.6 184.4 117.8 186 143 106
220.2 184.6 118.9 186 143 106
221.7 186.7 119.2 187 144 107
221.8 189.1 118.8 187 144 107
221.9 190.2 118.7 186 143 106
222.0 192.6 118.3 187 144 107
221.7 196.2 117.5 188 145 106
220.4 199.8 114.9 188 145 106
221.8 198.5 117.2 188 145 106
220.1 201.2 115.9 189 146 107
220.1 202.3 114.4 189 146 107
220.4 209.2 111.9 186 143 104
220.9 210.3 112.0 186 143 104
221.4 212.4 109.2 184 143 108
221.6 219.1 104.1 178 137 102
222.0 147.2 110.3 164 128 105
223.1 149.5 110.5 173 134 112
223.4 153.4 113.9 177 140 110
223.0 154.8 114.9 180 142 115
223.0 161.1 117.7 186 147 114
222.3 165.0 119.4 186 147 118
222.4 166.2 119.2 188 149 120
222.9 175.7 119.1 187 144 107
223.0 176.8 118.9 187 144 107
223.6 179.1 118.8 186 143 106
222.0 185.4 118.3 186 143 106
222.2 187.7 117.9 186 143 106
222.1 186.5 118.1 187 144 107
222.2 188.9 117.7 186 143 106
222.3 190.0 117.6 186 143 106
222.8 191.2 119.0 186 143 106
222.9 192.3 117.4 186 143 104
222.5 193.7 118.4 187 144 107
223.0 194.6 117.1 188 145 106
222.6 194.8 118.2 188 145 106
222.2 197.1 116.3 187 144 105
222.2 198.3 116.1 188 145 106
223.1 207.5 113.5 187 144 105
223.3 214.2 107.1 182 141 106
222.8 214.3 108.2 182 140 108
222.9 217.7 105.0 178 137 102
225.5 133.7 111.8 122 123 114
225.5 134.9 111.6 122 123 114
225.6 136.0 111.4 123 124 115
225.7 139.4 109.6 123 124 113
225.3 139.6 110.7 123 124 113
225.8 141.7 109.2 127 120 110
225.8 140.7 110.7 129 122 112
225.1 144.4 111.0 151 120 107
225.3 148.1 111.8 170 131 109
225.0 150.5 111.2 174 135 113
224.1 150.7 112.1 175 136 114
225.2 158.4 117.9 183 144 111
225.9 162.0 119.0 185 146 113
225.9 163.1 118.8 185 146 115
224.9 169.4 119.8 185 146 115
224.8 168.2 120.0 185 146 115
225.9 170.4 120.1 187 145 113
224.5 180.1 119.1 186 143 104
225.6 182.3 119.2 186 143 104
225.2 203.5 113.9 189 146 109
225.6 202.3 115.7 189 146 107
225.2 204.6 113.8 189 146 109
224.8 204.8 114.9 189 146 107
224.4 207.1 112.9 187 144 107
224.1 210.6 110.8 185 144 109
225.6 214.8 106.8 182 141 106
225.2 216.0 106.4 179 138 103
224.4 220.8 103.8 173 135 99
224.5 222.0 103.7 169 132 100
226.0 135.8 110.4 122 123 114
226.1 137.0 110.2 122 123 114
226.2 138.3 111.3 120 121 110
226.2 140.5 109.6 129 122 112
226.9 144.1 110.7 150 121 109
227.1 146.6 111.7 163 127 106
226.4 151.5 111.8 176 137 115
227.9 152.7 113.7 177 139 112
227.3 156.7 116.6 182 145 115
227.8 164.1 119.5 188 149 118
226.3 170.2 119.0 186 147 116
226.4 171.5 120.2 187 145 113
226.9 172.5 118.9 184 146 110
226.5 172.7 120.0 186 145 110
227.9 174.7 119.0 188 145 108
227.5 174.9 120.1 187 144 107
226.5 181.0 119.9 186 143 104
226.6 183.4 119.5 186 143 104
226.6 184.5 119.3 186 143 104
227.2 186.8 119.2 186 143 104
227.8 189.0 119.1 186 143 104
227.9 190.2 118.9 186 143 104
227.1 193.8 117.9 187 145 103
227.5 192.6 118.3 186 143 104
227.2 195.0 117.7 187 145 103
227.2 196.2 117.5 187 145 103
226.8 198.5 115.6 189 145 102
226.4 198.6 116.7 188 146 104
226.9 200.8 115.3 189 147 105
226.1 201.1 116.1 189 146 107
227.7 207.6 113.1 188 145 108
227.7 208.8 112.9 187 144 107
227.8 210.9 109.9 184 143 108
227.4 211.1 111.0 184 143 108
227.8 212.1 109.7 183 142 107
227.4 212.2 110.8 183 141 109
226.7 219.2 105.2 175 137 101
229.4 129.7 113.2 122 123 114
229.9 130.7 111.9 120 121 112
229.5 130.9 113.0 122 123 114
229.5 132.1 112.8 122 123 114
228.9 137.8 110.1 122 123 112
229.3 138.6 107.5 122 123 114
228.4 139.0 109.7 123 124 113
228.5 140.2 109.5 126 122 111
229.6 142.7 112.3 145 116 104
228.8 145.0 110.1 158 124 102
229.8 146.2 111.8 162 128 106
228.5 147.6 112.2 167 131 108
228.6 148.8 112.0 171 135 112
228.8 152.4 112.8 177 139 112
228.5 153.9 115.1 179 142 112
228.1 155.3 116.0 180 143 113
228.1 154.1 116.1 179 142 112
228.5 160.3 119.2 185 146 113
229.3 166.2 119.9 186 147 116
229.9 168.5 119.8 185 146 115
229.4 175.7 119.6 187 144 107
229.0 175.9 120.7 187 144 107
229.9 176.8 119.6 187 144 107
229.5 176.9 120.7 186 143 106
229.5 178.1 120.5 186 143 106
229.7 180.4 120.2 186 143 104
229.8 203.7 114.8 189 146 109
229.9 204.8 114.7 188 145 108
229.0 206.2 114.0 188 145 108
229.6 209.5 112.4 185 144 109
229.2 212.9 108.9 182 141 106
229.3 216.3 107.1 179 138 103
228.6 222.0 101.7 171 132 103
228.2 222.2 102.8 170 133 101
230.0 133.0 111.6 120 121 112
231.9 134.9 109.5 120 121 112
230.1 134.2 111.4 122 123 114
231.5 137.1 107.6 122 123 114
230.7 137.5 109.8 122 123 114
230.2 136.5 111.0 122 123 114
230.8 139.8 109.4 126 122 113
230.8 141.0 109.2 125 121 112
230.1 142.5 111.2 143 117 102
230.6 157.5 118.1 183 144 113
230.7 158.6 118.0 183 144 113
230.4 161.1 118.7 185 146 113
231.4 162.2 119.0 185 146 115
231.0 162.4 120.1 185 146 115
231.5 171.8 120.0 184 146 108
231.4 170.6 120.1 185 146 113
230.0 179.1 119.3 186 143 104
230.1 180.2 119.1 186 143 104
231.1 182.4 119.2 186 143 104
230.7 182.6 120.3 186 143 104
231.7 184.7 119.1 186 143 104
231.3 184.8 120.2 186 143 104
232.0 189.4 119.7 186 144 102
231.7 194.0 117.5 187 143 100
231.3 194.2 118.5 188 144 101
231.8 196.3 117.1 188 145 99
231.9 198.6 116.7 189 145 102
231.1 201.1 115.9 189 146 107
230.7 202.3 115.5 190 147 110
230.0 209.3 111.3 184 143 108
231.1 215.8 106.7 179 137 105
231.2 217.0 106.5 178 136 104
233.4 129.0 111.4 120 121 112
233.0 129.2 112.5 120 121 112
234.0 131.1 109.9 120 121 112
233.5 130.1 111.2 120 121 112
233.1 130.3 112.3 120 121 112
234.0 133.1 106.9 122 123 114
233.2 133.5 109.1 120 121 112
233.2 132.6 111.9 120 121 112
233.6 134.5 107.8 120 121 112
233.2 134.7 108.9 120 121 112
233.0 140.5 107.8 124 122 112
232.7 141.8 108.7 138 117 100
232.3 142.0 109.8 139 118 101
232.1 145.8 111.7 160 126 104
233.1 146.9 112.0 164 130 106
232.6 147.1 113.0 166 130 107
233.1 148.1 111.8 170 136 112
232.7 148.3 112.9 171 135 112
233.7 149.5 114.5 174 135 113
232.9 150.7 113.8 175 136 114
233.2 155.7 117.1 181 144 114
232.8 155.9 118.2 181 144 114
233.5 159.5 119.2 184 145 112
233.6 160.6 119.0 185 146 113
233.3 163.1 119.8 188 149 118
232.9 163.3 120.8 188 149 118
233.3 164.3 119.6 186 147 116
232.9 164.5 120.7 188 149 118
234.0 166.6 120.8 186 147 116
232.5 172.8 120.3 184 146 108
232.6 175.1 119.9 187 144 105
233.1 176.2 120.0 186 143 104
233.7 178.4 119.9 186 143 104
232.7 185.7 119.4 186 144 102
232.3 185.8 120.5 186 144 102
232.7 186.8 119.2 186 144 102
232.3 187.0 120.3 186 144 102
232.4 189.2 118.6 186 144 100
232.4 188.2 120.1 186 144 102
232.0 190.5 119.5 186 144 102
232.1 192.9 119.2 188 144 101
232.2 195.1 117.5 188 145 99
233.1 206.3 113.3 188 145 108
232.7 206.5 114.4 188 145 108
233.7 209.6 111.7 184 143 106
233.8 210.8 111.6 183 142 107
232.9 214.2 107.9 180 138 106
232.1 214.5 108.7 180 139 104
235.8 123.5 108.2 122 123 114
235.9 125.9 107.9 120 121 112
235.8 124.7 108.1 120 121 112
235.0 127.1 107.2 120 121 112
235.1 127.4 109.9 120 121 112
234.7 126.4 111.1 122 123 114
234.7 129.6 107.9 120 121 112
235.2 128.5 109.7 120 121 112
234.8 128.7 110.8 120 121 112
234.8 130.7 107.8 120 121 112
234.4 130.9 108.8 120 121 112
235.7 132.7 105.2 122 122 116
235.3 132.9 106.3 122 123 114
234.0 132.3 109.8 120 121 112
234.8 135.6 98.9 120 121 110
235.8 135.0 104.9 120 121 112
234.0 134.3 106.7 122 120 112
234.8 136.8 98.7 120 121 110
235.9 136.2 104.7 122 120 112
234.7 138.7 104.9 124 122 112
234.3 138.1 108.9 122 123 114
234.4 140.2 107.2 122 123 112
235.4 142.3 106.0 137 120 106
235.0 142.8 109.7 141 120 103
234.6 143.0 110.8 142 121 104
234.7 144.3 112.0 158 124 102
235.2 151.6 114.9 177 139 114
234.9 153.0 115.8 179 141 114
234.5 153.2 116.9 179 141 114
234.9 154.1 115.6 180 143 113
234.5 154.3 116.7 180 143 113
235.2 156.7 117.9 182 145 113
234.7 156.9 119.0 182 145 113
234.8 158.0 118.8 182 145 113
235.0 161.6 119.6 185 146 115
234.4 166.5 119.7 186 147 114
234.0 167.8 120.6 185 146 115
234.5 168.8 119.4 185 147 111
234.1 168.9 120.4 186 148 112
235.5 170.9 119.5 187 146 107
235.1 171.1 120.6 186 145 106
234.2 179.5 119.9 186 143 104
234.3 180.7 119.7 187 144 105
235.7 181.6 120.3 186 143 104
235.8 182.7 120.1 186 143 104
235.6 197.8 117.3 189 145 102
235.6 198.9 115.9 190 145 107
235.2 199.1 116.9 190 145 107
234.8 201.4 115.0 190 147 110
235.7 200.1 117.0 190 145 107
234.4 202.7 115.9 189 146 111
234.1 205.1 115.3 187 144 107
235.5 208.1 112.9 184 143 106
235.2 211.6 110.8 183 142 107
234.9 218.3 105.5 174 135 104
234.5 218.5 106.6 173 134 101
235.5 222.6 101.0 167 129 102
236.0 222.6 102.6 164 129 101
237.9 122.9 105.5 120 121 112
237.1 123.3 107.6 122 123 114
238.0 124.1 105.3 120 121 112
237.2 124.5 107.5 120 121 112
236.8 126.6 105.5 120 121 112
236.4 126.8 106.6 120 121 112
237.4 129.9 103.9 120 121 112
236.9 129.0 105.2 120 120 114
236.5 129.1 106.3 120 120 114
237.4 131.9 100.9 120 121 112
237.4 131.1 103.7 120 121 112
236.6 131.5 105.9 120 120 114
236.5 130.3 106.1 120 120 114
236.2 133.7 104.0 120 121 112
236.1 132.5 104.2 120 120 114
236.2 134.8 103.8 120 121 112
237.7 135.0 107.2 122 120 112
236.4 135.4 109.1 120 121 112
236.4 137.1 103.4 124 122 114
236.5 136.4 107.6 124 122 114
236.0 136.6 108.7 122 123 114
236.1 138.8 107.0 124 122 112
237.9 141.5 102.2 133 119 104
236.3 141.2 108.0 134 115 100
237.7 143.1 105.7 152 118 98
236.8 143.5 107.9 155 121 99
236.4 142.5 109.1 141 120 103
236.1 143.0 112.9 143 122 105
237.2 144.2 104.0 154 122 102
237.3 144.5 106.6 157 123 101
237.4 155.1 117.9 181 144 114
236.7 159.0 119.6 184 145 114
236.8 160.1 119.4 184 145 114
236.5 163.7 119.9 186 147 116
236.5 162.6 120.1 188 149 118
236.6 164.9 119.8 185 146 115
237.2 167.1 119.7 185 146 113
236.5 172.0 119.8 187 146 107
236.6 173.1 119.6 189 147 105
236.1 172.1 120.9 187 146 107
237.1 174.2 119.7 188 146 104
236.7 174.4 120.7 188 145 106
237.7 176.4 119.6 186 144 102
237.3 176.6 120.6 186 143 104
236.5 179.0 119.8 186 143 104
236.1 181.4 119.2 186 143 104
236.2 182.6 119.0 186 143 104
236.3 183.8 120.2 186 143 104
237.2 184.7 119.2 186 143 104
236.8 184.9 120.2 186 144 102
236.9 187.2 119.9 186 144 102
236.9 186.0 120.1 186 144 102
237.0 188.3 119.7 185 143 101
237.1 191.7 117.9 187 144 98
236.6 190.7 119.1 187 143 102
237.1 192.8 117.7 187 144 98
236.7 193.0 118.8 188 145 99
236.8 195.2 117.1 188 144 101
236.8 194.2 118.6 188 145 99
236.8 196.3 116.9 189 145 104
236.4 196.5 118.0 189 145 102
236.1 200.0 115.9 190 145 107
237.7 205.4 114.4 187 144 107
237.8 206.5 114.3 187 144 107
237.0 211.1 110.4 183 141 109
236.6 212.4 111.3 182 141 106
236.7 216.9 108.0 175 136 103
237.7 220.0 105.3 173 134 105
238.0 125.2 105.1 119 120 111
238.5 127.1 101.0 120 121 112
238.5 126.2 103.9 119 120 111
238.1 126.4 105.0 120 121 112
238.6 128.5 103.5 119 120 111
238.2 128.7 104.6 120 121 112
239.1 130.6 102.1 120 121 112
239.1 137.8 102.1 120 121 110
239.2 137.2 107.6 124 122 114
239.1 138.9 101.9 120 121 110
238.8 138.2 105.8 124 122 112
238.3 140.1 101.3 130 117 104
239.7 140.2 103.3 131 117 102
239.8 140.5 106.0 133 116 102
239.4 140.6 107.1 133 116 102
238.2 144.2 105.8 157 123 103
238.3 145.5 106.9 163 127 104
238.0 145.1 113.5 160 126 104
238.6 147.4 113.4 169 135 111
238.3 148.9 115.6 174 135 113
238.4 150.0 115.4 175 136 114
239.5 152.3 116.9 180 142 117
239.2 156.0 117.4 183 144 115
239.3 157.1 117.2 183 144 115
238.8 156.1 118.5 183 144 115
238.2 161.0 118.6 185 146 117
238.6 168.0 118.9 187 146 111
238.2 168.2 120.0 187 146 111
239.6 170.1 119.0 190 150 108
239.2 170.3 120.1 188 147 108
239.8 172.5 120.0 189 147 105
238.1 175.2 120.0 187 145 103
238.7 177.4 119.9 187 142 104
239.7 179.6 120.0 187 142 104
239.6 178.4 120.2 188 143 105
239.8 180.7 119.8 187 142 104
239.7 198.0 116.7 189 145 104
238.9 200.5 115.9 190 147 108
238.1 203.0 115.0 189 146 107
238.1 204.1 114.9 188 145 106
239.2 209.5 111.8 184 142 110
238.8 209.7 112.9 184 143 108
238.4 212.0 111.0 183 141 109
238.9 214.1 109.6 178 139 106
241.3 121.8 99.5 120 118 110
240.9 121.9 100.6 119 120 111
241.4 122.9 99.3 121 119 111
241.0 123.1 100.4 119 120 111
241.0 124.3 100.2 119 120 111
240.8 127.9 100.8 119 120 111
240.4 128.1 101.9 119 120 111
241.2 137.1 99.4 119 120 109
240.9 137.5 101.8 119 120 107
240.5 137.8 104.2 122 123 112
240.1 137.0 106.8 124 122 114
240.5 138.6 101.4 120 121 108
240.6 138.9 104.0 122 123 112
241.6 141.3 105.5 134 120 105
240.8 144.4 100.5 158 124 100
241.3 144.7 103.4 160 124 101
241.5 145.1 107.4 161 125 102
242.0 144.2 110.4 158 124 102
240.3 144.8 113.4 160 126 104
240.4 147.1 113.0 169 135 111
241.9 148.2 114.9 172 136 113
241.1 150.7 115.4 177 139 114
240.7 150.9 116.5 177 139 114
241.0 154.5 117.2 181 144 114
240.7 158.1 117.8 183 144 115
240.3 158.3 118.9 183 144 113
241.8 160.3 117.9 185 146 117
240.1 161.9 119.4 186 147 118
240.1 163.0 119.2 188 149 120
241.1 164.1 119.5 186 147 118
241.7 166.3 119.4 186 147 116
240.1 171.2 119.1 188 148 106
240.2 172.4 118.9 189 147 105
241.7 173.4 120.8 188 146 104
240.8 182.9 120.0 187 142 104
240.9 184.0 119.8 187 143 102
241.9 186.1 119.9 187 143 102
241.1 188.6 119.1 186 142 101
240.3 191.0 118.2 189 143 98
240.4 193.3 117.9 189 142 100
240.3 192.2 118.1 189 143 98
240.4 194.4 117.7 190 143 101
240.6 196.7 117.4 189 145 104
241.8 205.5 113.8 188 145 108
241.4 204.6 115.1 188 145 108
241.0 206.8 113.2 187 144 109
240.5 207.0 114.2 185 144 109
241.1 208.1 114.3 185 144 109
240.7 212.5 109.4 183 142 105
240.3 212.7 110.5 182 140 108
243.9 134.7 102.6 119 120 109
243.4 140.0 106.7 131 117 102
243.4 143.9 99.3 157 124 97
242.5 144.1 100.2 158 124 100
242.3 144.7 105.2 159 125 101
242.5 145.3 110.5 163 127 104
242.5 144.4 113.3 159 125 103
242.4 155.5 117.8 183 144 115
242.9 156.6 117.9 183 144 115
243.9 157.6 118.2 184 145 116
243.9 158.7 118.0 184 145 116
243.3 161.4 119.8 186 147 118
243.3 162.5 119.6 188 149 120
242.7 167.3 119.7 188 147 112
242.7 168.4 119.6 188 147 112
242.1 173.2 119.7 188 146 104
242.6 174.3 119.8 187 144 105
242.2 174.5 120.8 187 145 103
243.2 176.5 119.7 186 143 104
242.8 176.7 120.7 186 143 104
243.8 178.7 119.5 188 143 105
243.3 178.9 120.6 188 143 105
243.9 181.1 120.5 187 142 104
243.9 190.2 117.6 187 143 102
243.4 190.4 118.6 189 142 100
244.0 192.5 117.2 187 143 100
243.6 192.6 118.3 189 142 100
243.7 194.9 117.9 189 145 102
243.3 196.1 117.5 189 145 102
243.4 199.5 115.7 191 147 106
243.4 198.4 117.2 190 146 103
243.0 200.7 115.3 191 147 106
242.6 200.9 116.3 190 148 106
242.2 203.2 115.7 189 146 107
243.8 209.5 111.5 184 143 106
243.4 209.7 112.6 184 142 110
243.8 210.7 111.3 184 143 106
243.4 210.9 112.4 183 141 109
242.3 217.8 108.0 173 134 105
242.2 216.7 108.1 175 136 105
242.3 221.0 103.5 168 131 101
246.0 123.8 101.7 121 119 111
244.8 135.7 101.6 119 120 109
244.8 141.9 104.4 146 117 96
244.4 145.2 112.8 163 127 104
244.5 146.5 113.9 168 132 109
246.0 147.7 115.8 172 136 113
244.3 150.3 115.8 177 139 114
244.0 151.7 118.0 180 142 117
244.1 152.8 117.8 180 143 113
244.6 155.1 117.7 182 145 115
245.2 156.2 117.8 183 146 116
244.9 159.7 118.3 185 146 117
244.8 164.6 120.0 188 149 118
245.9 167.9 120.0 186 147 114
245.8 166.8 120.1 186 147 114
244.2 170.5 119.9 188 148 106
245.3 172.7 120.1 189 146 107
245.8 174.9 120.0 187 144 105
244.3 179.8 119.6 188 143 105
244.3 180.9 119.4 187 142 104
244.8 182.0 119.5 187 142 104
244.4 182.2 120.6 187 142 104
244.1 184.5 120.0 187 143 102
244.2 186.8 119.6 186 142 101
244.3 189.1 119.3 187 143 102
244.0 193.6 117.0 188 144 101
244.1 194.7 116.9 188 144 101
245.2 208.2 113.7 184 142 110
245.8 213.6 110.5 178 140 104
244.0 215.2 109.3 178 139 108
246.0 218.1 108.5 173 134 105
246.4 123.6 100.6 120 118 110
247.5 134.3 103.3 119 120 109
246.4 147.5 114.7 172 136 113
246.0 148.8 115.6 174 138 115
247.9 149.7 116.4 177 139 114
247.6 151.0 117.3 180 142 117
247.6 152.2 117.1 180 143 113
247.8 154.4 116.8 182 145 115
246.5 157.0 117.0 184 145 116
246.1 157.2 118.1 184 145 116
246.2 158.3 117.9 184 145 116
247.6 159.3 118.5 185 146 117
246.4 160.7 118.9 186 147 118
247.4 162.9 119.0 188 149 120
246.2 166.6 119.1 186 147 114
246.8 168.8 119.0 188 147 112
246.4 169.0 120.0 190 149 112
247.9 170.9 119.1 190 147 112
247.5 171.1 120.2 190 147 110
246.4 175.9 120.0 187 144 105
246.4 177.1 119.9 187 144 105
247.4 178.1 120.2 188 143 105
247.5 180.3 119.8 187 142 104
247.8 186.0 119.0 187 143 102
246.9 187.3 118.3 187 143 102
247.0 189.5 118.0 188 144 103
247.0 188.4 118.1 187 143 102
247.1 190.7 117.8 189 145 104
246.7 193.0 117.2 188 144 101
246.8 194.2 117.0 189 145 102
247.4 196.3 116.9 189 145 102
246.6 199.9 115.9 191 147 104
247.0 198.7 116.3 191 147 104
247.1 201.0 116.0 191 147 106
247.2 202.1 115.8 190 146 105
246.8 205.5 113.7 188 145 108
247.3 204.4 115.5 189 146 107
246.9 206.6 113.6 188 145 108
246.5 206.8 114.6 187 144 109
246.6 211.2 111.3 184 143 106
246.2 212.4 110.9 180 142 106
246.4 217.9 107.4 173 134 105
247.7 216.6 109.6 173 134 105
246.4 219.1 107.2 170 132 105
246.0 219.2 108.3 167 132 104
248.6 137.7 103.2 119 120 109
248.2 137.8 104.3 121 119 107
249.3 143.2 101.3 157 124 97
248.6 146.0 114.8 168 132 109
248.6 147.1 114.7 171 137 113
248.3 149.6 115.4 177 139 114
249.8 150.7 117.2 180 142 117
250.0 152.9 116.9 181 144 114
249.7 156.5 117.4 184 145 116
248.0 159.1 117.4 185 146 117
248.6 160.2 117.5 186 147 118
248.2 160.4 118.5 186 147 118
249.6 162.3 117.6 189 150 121
248.4 163.9 119.3 188 149 120
248.4 165.0 119.2 189 150 121
249.0 166.1 119.2 188 149 118
249.5 168.3 119.1 188 149 116
248.8 171.9 119.4 190 147 112
249.4 173.0 119.5 189 146 111
248.4 172.1 120.5 189 146 109
249.4 174.1 119.3 188 145 110
249.0 174.3 120.4 188 145 108
250.0 176.3 119.2 187 144 107
249.6 176.5 120.3 187 144 105
249.8 179.9 119.7 188 143 105
248.0 181.4 119.9 187 142 104
248.5 182.4 120.0 187 143 102
248.2 184.8 119.4 188 144 103
249.7 189.0 118.1 189 145 104
249.8 190.1 118.0 189 145 104
249.9 192.4 117.6 189 145 104
249.6 195.8 116.8 189 145 102
248.8 208.4 112.9 186 145 106
248.2 216.4 108.6 174 135 106
251.8 143.5 107.8 159 125 103
251.8 144.5 106.4 162 128 104
251.9 144.8 109.0 164 128 105
251.2 145.4 113.7 170 134 111
250.8 145.6 114.8 170 134 111
251.8 146.6 115.1 171 137 113
251.0 149.1 115.5 175 140 114
250.2 150.5 116.2 179 141 116
250.4 152.8 115.8 182 143 114
250.0 154.1 116.7 182 145 115
251.2 158.6 117.8 185 146 117
250.6 163.3 117.9 189 150 121
250.2 163.5 119.0 189 150 121
250.6 164.5 117.8 190 151 122
250.2 164.7 118.8 190 151 122
251.7 166.6 117.9 190 151 122
251.3 166.8 119.0 189 150 121
250.5 169.3 119.4 188 149 116
250.6 170.4 119.3 190 148 116
251.0 177.3 119.5 189 144 106
250.6 177.5 120.6 189 144 106
251.0 178.4 119.4 188 143 105
250.6 178.6 120.4 188 143 105
250.3 180.9 119.8 188 143 105
250.8 183.1 119.7 187 143 102
250.9 184.2 119.5 188 144 103
250.5 186.5 117.7 188 144 103
250.1 186.6 118.7 187 143 102
250.1 188.8 117.1 189 145 104
250.3 191.0 116.7 190 146 105
250.3 192.2 116.6 189 145 104
250.0 195.6 115.8 190 146 103
250.0 194.6 117.3 190 146 103
250.5 196.7 115.9 190 146 103
250.1 196.9 116.9 190 146 103
250.6 198.9 115.5 193 149 106
250.2 199.1 116.6 191 147 104
250.8 201.2 115.2 191 147 104
251.2 200.1 116.9 191 147 106
251.7 202.2 115.5 190 146 103
251.3 202.3 116.5 190 145 107
251.4 204.5 114.9 190 147 108
250.6 206.9 114.1 186 145 106
250.3 211.5 111.8 183 142 107
250.8 212.5 111.9 182 141 106
250.5 214.9 111.3 176 137 106
252.3 130.4 105.3 119 120 111
253.4 142.7 102.3 158 123 97
252.6 142.2 107.2 151 122 101
252.2 142.3 108.3 151 122 101
252.2 144.3 105.3 162 128 104
252.3 144.6 107.9 162 128 106
253.0 145.1 113.4 167 131 108
252.5 151.2 115.9 180 141 110
252.5 150.1 116.1 177 142 116
253.5 152.3 116.3 182 143 112
253.3 155.8 116.8 184 145 116
252.9 156.0 117.9 184 145 116
253.5 158.2 117.8 185 146 117
252.7 159.6 118.4 188 149 120
252.7 160.7 118.2 189 150 121
252.8 162.9 117.9 190 151 122
252.9 164.1 117.7 190 151 122
253.9 165.1 118.0 190 151 122
253.9 166.2 117.8 189 150 121
252.2 167.8 119.3 189 150 119
252.8 169.9 117.9 189 150 119
252.3 168.9 119.1 188 149 118
252.4 170.0 118.9 188 149 118
252.1 172.5 119.7 188 146 114
252.6 174.7 119.6 188 145 108
253.2 176.8 119.5 189 144 106
252.9 179.2 118.9 188 143 107
252.9 180.3 118.7 188 143 107
252.6 182.6 118.1 188 144 103
252.7 184.8 117.8 188 144 103
253.3 187.0 117.7 188 144 103
253.3 188.1 117.5 189 145 104
253.9 191.3 115.9 190 146 105
253.4 190.4 117.1 190 146 105
253.9 192.5 115.8 190 146 105
253.5 192.6 116.8 190 146 105
253.8 207.3 114.3 186 145 106
252.5 209.8 111.9 184 143 106
252.1 210.0 113.0 184 143 104
253.9 208.5 114.1 186 145 106
252.3 216.6 109.3 174 135 104
252.8 218.6 107.9 170 133 101
254.2 131.4 106.1 119 120 111
254.2 139.5 105.9 125 117 105
254.6 138.3 106.4 125 117 105
254.3 144.7 111.5 164 130 106
255.3 145.9 113.2 170 134 111
255.4 147.0 113.0 173 137 114
255.0 146.2 115.5 171 137 113
255.1 148.4 115.2 175 140 114
254.7 148.6 116.2 175 140 114
254.8 150.9 115.9 179 142 110
254.1 154.5 116.2 184 145 114
255.1 156.6 116.3 185 146 115
254.4 159.1 116.8 188 149 120
254.0 160.4 117.7 189 150 121
254.6 162.6 117.6 191 152 123
254.9 167.2 118.2 190 151 122
255.9 168.2 118.5 190 151 122
254.7 171.9 118.5 186 147 114
254.3 172.0 119.6 186 147 114
255.3 174.1 119.7 186 145 110
255.5 176.4 119.4 188 145 108
256.0 178.4 118.0 189 144 108
255.6 178.6 119.0 189 144 108
255.7 182.0 118.5 188 144 103
254.2 189.0 116.5 190 146 105
254.5 193.6 117.1 191 147 106
255.0 194.5 115.9 190 146 103
254.6 194.7 117.0 190 146 103
255.5 196.7 115.8 191 147 104
255.1 196.9 116.9 191 147 104
255.2 198.0 116.7 194 150 107
254.2 207.2 113.3 186 145 106
254.3 208.3 113.1 186 145 108
254.9 212.6 111.4 178 139 106
254.1 215.0 110.5 175 136 105
256.9 122.8 105.2 115 113 105
256.4 128.0 109.2 120 121 112
256.0 128.1 110.2 120 121 112
257.4 130.1 109.3 120 121 112
257.0 130.3 110.4 120 121 112
256.1 132.4 106.9 119 120 111
257.6 132.5 110.3 119 120 111
257.4 139.0 106.4 123 116 106
257.0 141.3 105.8 147 119 100
257.4 140.2 106.2 143 115 96
257.3 140.9 112.5 147 118 97
257.8 141.0 114.0 147 118 97
257.4 142.2 113.6 152 123 102
258.0 145.5 113.4 167 131 108
256.3 145.9 115.0 171 135 112
256.3 147.0 114.8 173 137 114
257.8 149.0 113.9 177 142 116
257.3 148.1 115.1 174 139 113
256.6 151.7 115.4 181 144 114
256.2 151.8 116.4 181 144 112
256.7 152.8 115.2 182 145 113
256.3 153.0 116.3 182 145 113
256.8 154.0 116.4 183 146 114
256.6 157.6 116.9 185 146 115
257.0 158.5 115.7 188 149 116
256.6 158.7 116.7 188 149 118
257.6 160.8 116.9 190 151 118
256.1 164.6 118.0 190 151 122
256.7 166.8 117.9 190 151 122
257.2 169.0 117.8 190 151 122
256.4 170.4 118.4 188 149 120
257.9 172.4 118.8 185 146 115
256.1 179.7 119.1 188 143 107
256.1 181.8 117.5 188 144 103
256.6 180.7 119.2 188 144 103
257.1 182.8 117.8 188 144 103
256.7 183.0 118.9 188 144 103
256.8 184.1 118.7 189 145 104
257.8 186.2 118.8 189 145 104
256.6 198.8 116.0 193 149 106
256.2 199.0 117.0 193 149 106
257.1 200.9 115.9 192 150 106
256.2 200.1 116.8 193 149 106
257.7 203.1 115.8 192 150 108
257.3 202.1 117.0 190 146 103
256.5 205.7 116.0 186 145 106
257.4 204.4 116.6 188 146 104
257.5 208.7 113.4 185 144 109
257.1 211.0 112.8 183 142 107
256.8 215.4 109.2 177 138 105
256.4 215.6 110.3 175 136 103
257.3 217.5 107.8 173 134 105
256.8 216.5 109.1 174 137 105
256.4 216.7 110.1 173 136 104
256.8 219.7 104.6 169 131 104
258.7 130.9 107.3 119 120 111
258.0 132.4 109.3 119 120 111
258.8 138.1 109.9 127 117 103
258.9 138.2 111.2 130 117 104
259.0 141.4 109.4 151 122 101
259.8 143.2 105.7 161 126 100
259.4 143.4 106.7 162 129 102
258.1 146.6 113.2 171 135 112
259.9 147.5 114.0 174 139 113
259.5 148.7 113.6 175 140 114
258.3 150.1 114.0 177 140 110
258.4 151.3 115.1 181 144 114
258.8 152.3 113.9 182 143 112
258.4 152.4 114.9 182 145 113
258.6 154.8 115.9 184 145 114
258.2 155.0 116.9 184 145 114
259.2 157.0 115.8 185 146 113
259.7 158.0 115.9 188 149 116
258.0 160.6 115.8 189 150 117
258.6 162.8 115.7 190 151 118
258.2 163.0 116.8 190 151 118
259.2 165.0 115.6 191 152 119
258.7 164.0 116.9 190 151 118
259.7 166.0 115.7 190 151 118
259.3 166.2 116.8 190 151 118
258.6 169.8 117.0 188 149 118
258.2 170.0 118.1 188 149 120
258.3 171.1 117.9 188 149 118
258.3 172.2 117.7 186 147 116
258.4 174.5 117.4 186 144 112
258.0 174.6 118.5 186 144 112
259.5 176.5 117.6 188 145 110
259.1 176.7 118.6 188 145 110
258.1 184.9 118.0 189 144 106
258.2 187.1 117.6 189 144 106
258.3 188.2 117.4 190 145 107
258.9 190.4 117.4 191 146 108
259.9 192.4 117.5 190 147 108
259.4 211.6 112.6 182 140 108
259.9 212.5 111.3 180 138 106
259.5 212.7 112.4 180 138 106
258.1 214.1 111.5 176 137 104
258.1 218.2 105.6 172 134 107
261.2 124.0 109.9 119 120 111
260.8 125.3 110.7 119 120 111
261.2 126.1 108.2 121 119 111
260.9 126.4 110.6 119 120 111
260.5 129.6 108.5 118 119 110
261.5 131.6 107.4 118 119 110
261.1 131.8 108.4 119 120 111
260.7 133.1 109.3 119 120 111
261.3 140.2 112.2 146 117 96
261.8 144.4 109.1 165 130 102
261.5 144.7 111.5 165 130 102
260.2 145.1 113.3 167 131 108
260.3 146.2 113.1 171 135 112
260.8 148.3 111.8 176 138 111
260.1 149.8 113.7 177 140 110
261.1 151.9 113.8 182 143 112
261.0 150.8 114.0 180 143 113
260.3 153.2 114.5 183 144 113
260.9 154.4 115.8 184 145 112
261.4 156.6 115.7 185 146 113
261.2 160.1 116.3 189 150 117
260.7 167.1 117.3 190 151 118
260.8 168.3 117.2 190 151 120
261.4 170.4 117.1 189 150 119
260.6 172.9 117.5 187 145 115
260.7 174.0 117.4 186 144 114
260.5 178.6 117.7 190 145 111
260.1 178.8 118.8 189 144 110
260.6 180.9 117.4 189 144 108
260.2 181.0 118.4 188 143 107
260.7 183.1 117.0 189 144 108
260.3 182.2 118.2 188 143 105
261.8 184.2 118.7 189 144 106
260.0 194.7 117.2 189 147 103
260.6 196.8 117.1 192 150 106
260.7 199.0 116.7 192 150 106
260.6 205.8 115.5 187 146 109
260.6 206.9 115.3 186 145 110
261.6 210.0 114.0 184 143 108
260.3 211.3 111.8 182 140 108
261.2 214.3 109.2 177 138 105
260.8 214.5 110.2 177 138 105
263.3 137.4 109.9 124 117 107
262.6 140.0 111.6 146 117 96
263.8 146.4 109.8 171 136 108
263.5 147.9 112.0 176 138 111
263.4 146.7 112.2 174 136 109
262.2 149.2 112.3 176 139 107
262.8 150.4 113.7 180 143 111
262.1 152.9 114.2 184 145 114
263.7 157.3 115.5 188 149 116
263.3 157.5 116.6 188 149 116
263.8 158.5 116.7 189 151 115
262.2 162.2 116.4 190 151 118
262.8 164.4 116.3 191 152 119
262.8 171.3 117.7 186 147 116
263.8 172.3 118.0 187 145 113
263.1 175.9 118.3 188 144 112
263.1 177.0 118.1 190 144 113
263.6 178.0 118.2 190 144 113
262.2 184.0 117.6 189 144 108
263.1 184.9 117.9 189 144 108
262.7 185.1 119.0 189 144 106
263.2 186.0 117.8 189 144 108
262.8 186.2 118.8 189 144 106
263.7 188.2 117.7 189 146 109
263.4 188.4 118.7 190 145 107
262.1 199.9 117.3 192 150 106
262.6 200.9 117.4 192 150 106
262.7 202.0 117.2 192 150 108
262.8 204.2 116.9 187 146 109
263.8 207.3 115.6 186 145 110
262.0 209.8 112.9 184 143 108
263.9 208.4 115.4 185 144 109
262.6 213.0 111.4 178 139 106
263.0 217.0 105.8 174 135 104
262.6 217.2 106.8 173 134 105
262.2 216.2 108.0 175 136 105
262.6 219.2 102.6 172 135 103
262.6 218.2 105.4 173 134 103
262.7 218.3 106.7 171 132 103
264.1 135.1 110.7 119 120 109
264.7 140.3 107.5 148 118 102
264.3 140.5 108.6 148 118 102
265.6 142.2 105.1 160 124 101
264.8 142.6 107.2 161 126 100
264.5 144.0 109.4 164 131 102
265.0 145.1 109.5 165 132 103
264.4 148.9 112.3 176 139 107
265.5 151.0 112.5 183 144 113
265.6 152.2 113.6 184 145 114
264.4 153.7 115.3 184 145 112
264.5 154.9 115.1 184 145 112
265.0 157.0 115.0 188 150 114
264.2 158.4 115.6 189 151 115
264.3 159.6 116.7 189 151 115
264.8 160.5 115.5 188 150 114
264.4 160.7 116.6 189 151 115
264.2 165.3 116.9 190 151 118
265.2 166.3 117.3 190 151 118
264.2 172.1 116.9 187 145 113
265.2 174.2 117.1 188 145 110
264.8 174.4 118.1 188 144 112
265.8 176.5 118.3 189 145 113
264.6 179.0 118.5 190 145 111
264.7 180.1 118.3 190 145 111
265.7 182.2 118.5 189 144 110
264.8 190.2 117.8 190 147 110
264.4 190.4 118.9 189 146 107
265.3 192.4 117.8 190 147 108
265.0 192.5 118.8 190 148 106
266.0 194.6 118.9 190 148 106
264.2 207.1 114.5 186 145 110
264.3 208.2 114.4 185 144 109
265.2 210.2 113.3 183 142 107
264.8 213.4 109.9 177 138 105
264.9 214.5 109.7 176 137 106
267.8 128.1 114.0 120 121 112
267.4 131.0 109.4 111 112 103
266.6 132.5 111.3 119 120 111
267.2 143.6 109.6 165 130 102
266.3 144.7 107.6 168 130 103
266.3 144.8 108.9 166 131 103
266.5 147.1 109.9 173 139 108
266.4 146.0 110.1 171 137 106
266.6 148.4 111.0 175 137 110
266.2 148.6 112.0 176 139 109
266.6 153.2 113.9 184 145 112
266.2 153.4 115.0 184 145 112
266.6 154.3 113.8 185 146 113
266.2 154.5 114.8 184 145 112
266.9 157.9 115.8 189 151 115
266.3 162.7 117.2 190 151 118
267.4 164.8 117.4 191 152 119
266.2 168.4 117.4 190 148 116
267.3 170.5 117.6 188 146 114
266.2 175.2 117.4 189 146 111
266.2 176.3 117.3 189 146 111
267.7 177.3 119.1 189 145 113
267.8 178.4 119.0 188 144 112
267.1 183.0 119.1 189 144 110
267.7 184.1 119.2 189 144 110
266.3 193.3 118.1 190 147 108
266.4 194.4 117.9 190 148 106
266.5 195.6 119.0 192 150 108
267.5 197.5 117.9 192 150 108
267.0 196.6 119.1 193 151 109
268.0 198.6 118.0 193 151 109
267.6 198.7 119.0 193 151 109
267.7 200.9 118.7 192 149 110
267.7 202.0 118.5 189 146 107
266.5 205.5 116.0 187 146 111
266.1 205.7 117.0 186 145 110
267.9 204.2 118.2 188 147 112
267.0 208.7 114.4 184 143 108
267.5 211.7 111.6 180 141 108
267.1 211.9 112.6 180 141 108
266.7 215.2 109.3 176 137 106
267.6 217.0 106.9 174 135 102
269.6 120.9 112.5 113 111 103
268.1 124.6 113.5 119 120 111
269.9 126.4 111.6 114 112 104
268.2 127.9 113.0 119 120 111
268.5 130.4 115.2 120 121 112
268.1 130.6 116.3 120 121 112
268.3 132.1 109.7 114 112 102
268.9 133.3 111.1 117 118 109
268.1 133.6 113.2 119 120 111
268.6 134.6 112.0 119 120 111
268.2 135.9 112.8 119 120 109
268.7 136.8 111.6 124 117 107
268.8 139.0 111.3 142 112 96
269.8 143.1 108.6 166 128 103
268.2 145.7 109.8 170 136 105
268.3 146.8 109.6 172 138 107
268.4 148.1 110.7 175 138 108
268.1 149.5 112.9 179 142 112
268.6 150.4 111.7 182 143 114
268.2 150.6 112.7 183 144 113
268.7 151.7 114.1 184 145 114
269.2 152.8 114.2 184 145 112
269.4 155.1 115.1 185 147 111
269.0 155.3 116.2 185 147 111
269.1 156.4 116.0 188 150 114
268.8 158.8 116.7 189 151 115
269.8 160.9 116.8 190 152 116
268.3 165.7 117.7 190 151 118
268.9 166.8 117.8 191 149 117
268.2 171.4 117.9 187 146 111
268.3 172.5 117.7 186 145 110
268.1 177.1 118.1 189 146 111
268.2 178.2 117.9 189 146 111
269.7 179.2 119.8 189 145 113
268.7 186.1 119.3 190 145 111
269.7 188.2 119.5 190 147 112
268.0 199.7 117.8 193 151 109
268.1 200.8 117.7 190 149 110
268.2 203.0 117.3 188 147 112
268.2 204.1 117.2 188 147 112
268.7 206.1 115.8 186 145 110
269.7 209.0 113.2 182 143 110
269.3 209.2 114.2 182 144 108
269.7 210.1 113.1 181 142 109
269.4 210.3 114.1 181 143 107
269.8 213.3 110.0 177 138 105
269.3 212.4 111.2 177 138 105
271.5 117.8 107.6 104 102 92
271.1 118.0 108.7 105 103 93
271.7 118.4 112.8 113 106 98
270.3 121.4 107.6 106 104 94
270.7 124.2 112.5 114 112 104
271.6 127.1 109.9 108 109 98
271.2 127.3 110.9 109 110 101
270.5 127.6 113.0 118 119 110
271.7 128.2 109.7 109 110 99
271.8 128.4 111.0 109 110 101
271.6 128.1 118.6 122 123 114
270.7 133.0 110.9 114 112 102
270.3 134.1 110.4 115 113 103
270.4 137.5 109.9 120 113 103
270.4 136.3 110.1 118 111 101
271.8 139.3 107.8 145 117 100
270.5 139.7 109.6 147 117 101
271.4 138.5 110.3 141 111 95
270.6 140.8 109.4 158 123 97
270.2 142.9 107.5 166 128 101
271.2 145.0 107.7 171 131 105
270.8 145.2 108.7 170 132 105
271.3 146.1 107.5 175 135 109
271.0 147.5 109.7 176 139 109
270.1 147.7 110.5 176 139 109
270.7 148.9 111.8 176 139 109
270.8 150.0 111.7 181 144 114
270.0 151.5 113.6 184 145 114
270.4 157.2 115.3 188 150 114
270.1 157.4 116.3 188 150 114
271.7 161.7 117.7 190 152 116
271.8 162.8 117.5 190 152 116
271.6 167.4 117.9 190 149 112
271.2 167.6 118.9 190 148 116
271.7 168.5 117.7 191 150 113
271.3 168.7 118.7 191 150 115
270.2 173.4 118.6 188 145 108
271.1 174.3 118.9 189 146 109
270.1 179.0 118.8 190 147 112
270.7 181.3 120.0 188 145 110
270.6 180.2 120.1 189 146 111
271.7 182.2 120.3 188 145 110
270.7 189.1 119.8 189 146 111
270.7 190.2 119.6 190 147 112
271.3 192.3 119.6 190 147 110
271.4 204.4 117.5 187 146 111
272.0 207.6 115.9 184 143 108
271.0 210.8 111.1 181 142 109
270.7 211.0 112.1 181 142 109
271.1 214.0 109.3 176 137 104
272.1 118.2 111.8 108 104 95
273.6 121.3 110.7 107 105 95
272.8 121.7 112.8 109 105 96
272.0 123.0 113.4 114 112 104
273.7 124.6 110.2 106 107 96
273.4 124.9 112.5 110 111 102
273.5 126.0 112.4 109 110 101
272.8 126.5 115.7 119 120 111
272.0 128.0 117.6 120 121 112
272.7 130.3 109.9 108 106 96
272.3 130.5 110.9 108 109 100
272.8 132.5 109.6 110 108 98
272.4 132.7 110.6 111 109 99
272.9 134.7 109.2 112 110 100
272.5 134.9 110.3 114 112 102
273.5 136.9 109.2 117 110 100
272.6 136.0 110.1 116 109 99
272.3 141.4 107.7 160 124 101
273.2 140.2 108.4 157 121 98
272.4 142.5 107.5 165 127 100
272.5 148.6 111.6 177 140 110
273.5 150.7 111.8 182 145 115
272.7 150.9 112.5 183 146 116
272.3 152.2 113.4 184 145 112
272.8 152.3 114.9 184 145 112
272.6 154.6 115.6 185 147 111
272.4 158.2 117.4 188 150 114
273.9 160.2 117.8 190 152 116
272.7 163.8 117.9 190 152 114
272.8 164.9 117.7 190 152 114
272.2 169.6 119.1 188 147 112
273.2 170.6 119.4 187 146 111
273.1 176.2 119.6 189 146 109
272.1 182.0 119.3 188 145 108
272.6 183.1 120.6 188 145 110
273.1 184.1 119.4 189 146 111
272.7 184.2 120.5 189 146 111
273.7 186.3 120.6 190 147 112
272.3 194.3 119.7 192 149 110
272.4 196.5 119.4 192 149 110
273.0 198.6 119.3 193 150 111
273.1 200.8 119.0 190 147 108
273.2 203.0 118.6 188 147 110
273.7 205.0 117.3 186 145 110
272.4 207.4 114.9 185 143 111
273.8 206.1 117.1 185 144 109
272.8 208.3 113.7 183 144 111
273.3 211.3 110.9 180 141 108
272.5 212.6 110.2 178 139 106
272.5 216.8 105.7 174 135 102
272.9 219.8 101.6 165 133 99
275.4 119.2 113.4 108 104 95
275.0 119.3 114.4 113 106 98
275.9 121.3 113.3 108 104 95
275.9 120.4 114.7 109 105 96
274.5 122.2 109.8 105 106 95
275.0 122.3 111.3 106 107 96
275.1 122.5 112.6 108 109 98
274.1 124.4 109.2 105 106 95
274.3 124.7 111.8 108 109 98
275.2 126.6 109.4 108 106 96
274.8 126.7 110.4 110 108 98
275.3 128.8 109.1 108 106 96
274.9 128.9 110.1 108 106 96
274.6 129.4 113.7 112 113 104
275.8 130.8 107.7 105 106 93
274.9 130.0 109.9 108 106 96
275.0 132.2 109.6 108 106 96
274.4 135.7 109.8 115 108 98
275.7 136.6 109.2 115 111 100
275.8 138.6 107.5 140 117 98
275.4 138.8 108.6 142 117 99
275.9 140.8 107.2 155 123 99
275.5 141.0 108.2 158 124 100
275.5 142.1 108.1 163 125 98
275.0 146.8 109.4 176 137 108
274.6 147.0 110.5 176 137 108
275.4 151.7 113.9 183 144 113
275.5 152.8 113.7 185 146 115
275.7 155.2 116.0 186 148 112
275.7 154.1 116.1 185 147 111
274.5 156.6 116.3 186 148 112
274.3 160.1 116.8 190 152 116
275.3 161.1 118.4 190 152 114
275.8 162.1 117.2 190 152 116
275.4 162.2 118.3 190 152 114
274.7 165.7 118.5 191 150 113
275.7 166.7 118.9 191 150 113
274.2 172.6 119.6 188 145 108
274.1 178.3 119.8 190 147 110
274.0 185.0 119.8 188 145 110
274.1 186.1 119.6 189 146 111
274.7 187.2 121.0 190 147 112
275.6 189.1 119.9 190 147 112
275.2 188.2 121.1 189 146 111
274.1 204.8 116.3 187 146 111
274.1 207.9 113.2 183 145 109
275.5 209.8 112.4 181 142 109
274.4 215.4 109.5 174 135 102
276.3 120.2 113.7 108 104 95
277.1 122.7 107.3 103 104 93
277.2 123.0 109.9 103 104 93
276.4 125.2 109.0 104 105 94
277.4 127.2 107.9 105 106 95
276.0 126.4 108.6 105 106 95
276.6 128.5 108.5 105 106 93
276.9 128.3 116.4 117 118 109
277.2 131.8 108.3 105 106 93
276.8 132.9 107.9 105 106 95
277.7 133.9 108.2 108 109 98
276.1 135.4 109.6 113 109 98
276.2 137.5 108.0 133 110 91
276.1 136.4 108.1 114 110 99
278.0 138.3 107.6 133 114 97
277.8 142.8 107.9 168 130 103
277.4 143.0 108.9 168 130 103
276.2 144.4 109.3 172 135 105
276.5 147.9 111.3 177 138 109
276.5 149.0 111.2 180 141 112
276.2 150.3 112.0 182 145 115
276.1 154.0 115.1 185 147 111
276.1 155.1 114.9 186 148 112
277.3 157.4 117.7 188 150 114
277.4 158.4 117.5 189 151 115
277.3 163.1 119.1 190 152 114
277.7 164.0 117.9 192 151 116
277.3 164.2 118.9 190 152 114
277.6 168.6 119.6 190 149 112
277.7 170.8 119.2 187 146 109
276.6 174.4 119.2 189 146 109
276.2 174.6 120.2 189 146 109
277.7 176.5 120.7 189 146 109
276.0 179.1 120.6 189 146 107
276.1 180.2 120.4 189 146 107
278.0 182.0 121.1 188 145 106
276.2 190.2 121.2 190 147 112
277.2 193.2 120.0 192 149 112
276.8 192.3 121.1 192 149 110
277.8 195.3 119.9 192 149 112
277.4 194.4 121.1 190 147 108
277.9 196.5 121.0 193 150 111
277.6 199.8 120.2 192 149 110
277.2 201.0 119.8 190 149 112
276.8 203.2 118.0 188 147 112
277.3 202.1 119.6 188 147 110
276.4 206.5 115.9 185 143 111
277.8 208.2 113.8 184 143 108
276.5 212.7 109.8 179 138 103
276.1 212.9 110.8 179 137 105
279.5 116.0 109.9 97 98 85
278.9 116.6 105.6 98 99 88
278.5 116.8 106.6 98 99 88
279.5 117.1 109.7 99 100 89
278.7 116.3 111.9 101 99 87
278.3 116.5 113.0 103 101 89
279.0 118.8 105.3 99 100 89
278.6 119.0 106.3 99 100 89
279.2 119.3 109.1 101 102 91
278.8 118.5 111.6 104 102 92
278.4 118.7 112.6 105 103 93
278.7 121.2 106.0 103 101 91
279.2 120.2 107.7 102 103 92
278.4 120.6 109.7 103 104 93
278.9 120.7 111.3 105 103 93
279.6 122.1 105.1 101 102 91
278.8 122.4 107.1 104 105 94
278.1 124.8 107.5 104 105 94
278.2 127.0 107.2 105 106 95
278.3 128.1 107.0 105 106 93
278.4 129.3 108.1 105 107 91
278.2 128.0 115.9 112 113 104
279.3 130.2 107.2 103 104 91
278.9 130.4 108.2 104 105 92
278.1 132.6 107.4 105 106 95
279.1 134.8 107.6 112 110 98
278.0 139.4 107.4 149 117 95
279.0 140.4 107.7 155 123 101
279.3 143.9 109.8 173 134 105
279.3 145.0 109.6 174 135 106
279.0 146.3 110.5 175 136 107
279.7 149.6 111.5 182 143 112
278.8 149.8 112.3 182 143 114
279.7 150.7 111.4 183 144 111
278.1 151.2 112.9 182 145 113
278.1 152.2 112.7 183 146 114
279.2 153.5 115.6 185 146 113
279.3 154.6 115.4 186 147 114
278.5 156.0 117.3 186 148 112
278.8 159.4 118.1 189 151 115
278.3 165.1 119.3 191 150 113
279.7 166.0 119.9 191 150 113
279.6 171.6 120.1 187 146 109
279.6 172.7 119.9 187 146 109
278.0 176.3 119.7 189 146 111
279.1 177.4 121.3 189 146 109
278.1 183.1 120.9 189 146 109
279.0 184.1 121.3 188 145 108
278.3 196.3 120.0 193 150 113
278.4 198.5 119.6 193 150 113
278.0 198.7 120.7 193 150 111
278.2 203.9 117.3 187 146 111
279.9 202.5 118.5 188 147 112
278.2 205.0 117.1 186 144 112
278.2 207.0 114.2 185 144 109
279.2 211.0 111.5 182 141 106
278.8 211.2 112.6 180 138 106
279.3 214.2 109.8 178 137 102
279.6 220.2 101.3 163 129 96
281.8 114.9 103.8 97 95 85
281.0 115.3 105.8 96 97 84
280.8 115.8 109.4 97 98 85
280.6 117.3 103.9 97 98 87
280.6 116.2 104.1 97 98 87
281.8 117.9 109.6 101 102 91
282.0 118.2 103.3 97 98 87
280.3 118.6 104.8 99 100 89
280.0 119.1 108.4 99 100 89
281.5 118.2 111.9 101 102 91
280.8 120.8 104.7 99 100 89
281.4 122.9 104.7 104 102 94
280.1 122.2 106.6 105 103 93
281.1 124.2 105.5 105 103 95
280.7 124.3 106.5 105 103 95
280.0 127.8 106.8 105 106 93
280.1 128.9 106.6 105 106 93
280.6 131.1 106.5 105 106 93
280.7 132.1 106.4 106 107 96
281.2 134.3 106.3 112 108 99
280.1 136.9 107.8 125 108 92
280.2 139.0 107.4 150 116 94
281.8 142.3 109.0 169 129 105
280.2 144.8 108.9 174 135 106
281.3 147.1 111.6 177 138 109
281.4 148.2 111.5 180 141 110
280.8 156.7 117.2 189 151 113
280.4 156.9 118.2 188 150 114
280.2 160.3 118.7 190 152 116
280.1 165.9 118.9 191 150 113
280.1 166.9 118.7 191 150 113
281.6 167.9 120.6 190 149 112
281.5 173.5 120.8 190 147 112
281.0 179.3 121.9 189 146 107
281.0 178.2 122.1 189 146 107
281.1 180.3 121.8 188 145 106
280.5 186.0 121.7 190 147 110
281.0 187.0 121.8 190 147 112
281.1 188.1 121.6 190 147 112
281.7 191.2 121.4 190 147 112
281.7 199.9 119.8 190 149 112
281.7 201.0 119.7 188 147 110
280.3 202.3 117.5 190 149 114
280.9 205.4 115.9 186 145 110
280.0 208.7 113.7 183 141 109
282.0 214.6 109.9 174 135 102
283.1 114.7 103.3 96 94 84
282.5 115.5 109.2 97 98 85
283.1 116.7 101.7 98 96 86
282.8 116.9 102.7 99 97 87
283.7 118.9 101.6 97 98 87
282.0 119.3 103.1 98 99 88
282.5 120.3 103.2 98 99 88
282.1 120.5 104.2 98 99 88
283.5 122.5 103.4 101 102 93
283.2 122.6 104.4 101 102 93
282.0 125.2 105.9 103 104 95
282.1 126.3 105.7 103 104 95
282.2 127.5 106.8 104 105 92
282.7 128.4 105.6 103 105 94
282.3 128.6 106.6 105 106 93
283.2 130.6 105.6 106 107 96
282.8 130.7 106.6 105 106 93
283.8 132.7 105.5 108 106 96
283.4 132.9 106.5 108 106 96
282.7 136.3 106.8 121 106 94
282.5 139.8 107.3 153 121 101
282.1 140.0 108.3 156 122 100
282.5 140.9 107.1 164 124 100
282.2 141.0 108.1 164 124 100
283.7 143.2 109.9 171 132 103
283.7 144.3 109.7 174 135 106
282.1 145.8 111.0 175 136 107
283.7 149.0 112.6 181 142 111
282.1 151.7 113.8 184 145 114
282.3 152.9 114.9 186 147 114
283.0 155.2 117.3 188 150 112
283.3 159.6 117.9 190 152 114
282.8 158.7 119.1 189 151 113
282.1 162.2 119.4 192 151 116
283.2 164.2 119.6 193 152 117
282.0 167.8 119.6 190 149 112
283.0 168.7 119.9 188 147 110
282.6 168.9 120.9 188 147 110
283.6 170.9 121.1 187 146 109
282.5 174.5 121.1 189 146 111
283.5 176.5 121.3 189 146 111
282.4 181.1 121.1 189 146 107
282.0 181.3 122.1 189 146 107
283.4 182.0 121.5 188 145 108
283.0 182.2 122.5 189 146 109
282.1 190.1 121.8 190 147 112
283.1 192.0 122.0 192 149 114
283.2 194.2 121.7 190 147 110
283.3 197.3 119.9 193 150 115
282.9 196.4 121.1 193 150 113
282.4 198.6 119.2 194 151 116
282.1 198.8 120.2 192 149 112
282.1 200.8 118.6 190 149 114
282.6 202.8 117.3 187 146 111
282.3 207.2 115.1 184 143 108
282.3 211.3 111.9 179 138 103
282.4 212.4 111.7 179 138 103
282.0 215.7 109.7 173 134 101
285.8 111.6 99.1 93 91 79
285.1 112.0 101.1 93 91 83
285.5 112.9 99.9 94 92 82
284.7 113.2 102.0 94 92 84
284.3 112.3 103.1 94 92 82
284.8 114.3 101.8 96 94 86
284.4 114.5 102.8 96 94 84
284.9 116.5 101.5 98 96 86
284.1 117.9 112.2 101 102 91
284.7 119.9 102.0 96 97 86
284.7 121.0 101.8 98 99 88
284.3 120.1 103.0 97 98 87
284.8 122.1 101.6 101 102 91
284.0 123.5 103.5 101 102 93
285.5 125.6 104.0 102 103 94
285.1 124.7 105.2 104 105 96
284.8 127.0 105.8 103 105 94
284.9 128.1 105.7 103 105 94
285.9 130.2 105.9 106 107 96
284.8 133.8 107.1 112 108 99
285.2 134.8 106.0 113 109 100
284.9 134.9 107.0 113 109 100
284.9 136.0 106.8 121 106 94
285.6 139.3 107.8 153 119 99
285.6 140.4 107.7 165 122 99
284.9 141.9 109.5 168 128 104
285.6 145.2 110.6 178 136 108
285.3 146.4 111.4 177 138 109
284.9 146.6 112.4 177 138 109
285.8 152.3 115.7 185 146 113
285.2 155.9 117.2 189 151 113
285.3 157.0 117.0 190 149 112
284.9 156.1 118.2 189 151 113
284.3 160.7 119.6 189 151 115
284.4 162.9 119.2 193 152 117
284.1 165.2 119.9 192 151 116
284.2 166.3 119.7 191 150 113
284.1 171.8 119.9 187 146 111
284.0 170.7 120.1 188 147 112
285.6 172.8 121.8 187 146 111
285.4 177.2 122.1 189 146 109
285.5 178.3 122.0 188 145 108
284.4 182.9 121.8 187 144 107
284.4 184.0 121.6 189 146 109
284.0 184.2 122.6 189 146 109
286.0 186.0 123.3 190 147 112
284.8 201.3 118.8 190 149 114
285.3 204.3 116.0 187 146 111
284.9 204.4 117.0 187 146 111
285.8 207.3 114.5 184 143 108
284.1 209.9 113.1 183 142 107
285.9 208.4 114.3 183 142 107
284.7 212.9 111.6 178 137 100
285.6 215.8 109.1 169 137 103
287.7 113.7 99.8 96 94 84
287.8 114.8 99.7 97 95 83
286.5 115.0 100.1 97 95 83
286.6 116.1 100.0 97 95 83
286.2 116.3 101.0 97 95 85
287.1 118.2 99.9 100 98 86
287.2 119.5 101.0 99 97 87
286.9 120.7 101.9 98 99 88
286.2 123.1 102.3 101 102 91
286.8 124.3 103.7 103 104 93
286.1 126.8 105.4 104 105 94
287.6 128.9 105.8 105 106 95
286.3 131.1 104.7 111 109 97
287.3 132.1 105.1 111 109 97
286.9 132.3 106.1 108 106 94
287.9 134.4 106.3 113 109 98
286.8 136.9 107.7 127 112 100
286.8 138.0 107.5 148 113 96
287.7 142.7 110.9 173 130 105
287.7 148.5 113.7 181 142 111
286.6 150.9 113.8 184 145 112
286.2 152.1 114.7 185 146 113
287.2 157.9 119.2 189 151 113
287.7 158.8 118.0 191 150 113
287.3 159.0 119.0 190 152 114
286.6 161.4 119.4 193 152 115
286.2 161.5 120.4 193 152 117
286.6 162.4 119.2 193 152 115
286.4 166.9 119.6 190 149 112
286.1 167.1 120.6 190 149 112
287.5 168.9 119.8 190 149 112
286.1 168.2 120.4 188 147 110
287.8 173.4 121.6 188 147 112
287.5 173.6 122.6 187 146 111
287.9 174.5 121.5 187 146 111
287.5 174.7 122.5 187 146 111
287.7 178.9 121.8 186 145 106
287.3 179.1 122.8 188 145 106
287.4 180.2 122.7 189 146 107
286.4 185.8 122.3 189 146 109
286.0 187.1 123.2 190 147 112
286.5 188.1 123.3 190 147 112
287.1 190.1 123.2 190 147 112
287.1 192.2 121.6 192 149 114
287.7 194.2 121.5 192 148 116
287.3 196.5 120.9 194 150 118
286.1 198.9 119.8 191 149 117
287.5 201.7 117.6 190 148 116
287.1 201.8 118.6 188 146 114
287.5 202.7 117.4 188 147 112
287.1 202.9 118.4 187 146 111
286.8 210.2 112.0 182 141 104
286.4 210.4 113.0 180 139 102
287.8 213.2 110.7 176 138 102
287.8 214.2 110.6 174 136 100
288.1 113.5 98.8 92 93 80
288.6 114.4 97.6 97 95 83
288.2 114.6 98.6 97 95 83
288.8 116.9 99.9 96 94 82
289.8 119.0 100.1 99 97 87
289.1 120.4 101.9 99 97 87
288.9 123.8 102.4 104 105 96
288.9 124.9 102.3 104 105 96
288.3 127.4 104.0 106 107 96
288.2 126.4 104.1 105 106 95
288.9 129.7 105.2 111 112 101
289.0 130.8 105.0 115 112 107
288.2 133.1 105.4 113 109 98
288.3 134.2 105.3 114 110 99
289.3 135.3 106.9 120 107 96
289.7 136.3 105.7 121 111 99
289.4 136.4 106.7 125 112 101
289.1 138.8 107.4 152 117 100
288.7 138.9 108.4 153 118 101
288.4 141.2 109.1 169 126 103
288.1 142.5 109.9 172 129 104
288.4 146.0 112.0 179 137 109
289.4 147.0 112.3 180 138 108
288.1 148.3 112.7 181 142 111
290.0 153.9 116.4 186 147 114
288.8 155.3 118.0 188 150 114
289.3 156.3 118.1 191 150 115
288.7 159.9 119.6 190 152 114
289.7 160.8 119.9 193 152 115
289.5 164.2 120.5 192 151 114
288.4 169.9 120.1 190 147 110
288.5 170.9 120.0 189 146 109
288.1 170.0 121.1 188 147 112
288.9 175.4 121.8 187 146 111
288.5 175.6 122.8 188 147 112
288.5 176.6 122.7 187 146 107
288.4 181.1 123.0 188 145 108
289.3 182.0 123.3 188 145 108
289.6 198.0 119.4 192 150 118
289.6 199.1 119.2 192 150 118
289.2 198.2 120.4 192 150 118
288.4 200.5 119.5 191 149 117
288.5 205.7 116.2 185 144 109
289.4 208.5 113.7 184 143 106
289.1 208.7 114.7 183 142 105
290.0 211.6 112.2 179 138 101
288.1 213.0 109.7 176 138 102
288.2 214.1 109.6 174 136 100
289.1 217.9 105.6 164 130 97
288.2 219.2 104.9 156 124 100
290.8 114.2 97.7 96 94 82
291.0 116.6 99.9 97 93 82
291.7 120.0 101.0 101 99 89
291.7 121.1 100.8 100 98 90
290.5 122.4 101.1 104 102 94
290.1 122.5 102.1 102 103 94
291.5 124.5 101.3 104 105 96
290.8 125.9 103.2 108 108 104
290.8 127.0 103.0 101 101 97
290.5 128.2 103.9 178 181 182
290.1 128.4 104.9 115 115 111
291.1 130.5 105.1 118 123 128
290.9 132.8 105.8 111 108 103
291.9 134.8 106.0 117 110 104
291.2 137.3 107.6 146 111 96
291.1 140.9 109.4 169 126 103
290.3 142.1 110.0 174 129 104
290.0 144.5 110.7 179 135 105
291.2 147.8 113.2 182 140 110
291.3 148.9 113.1 184 142 112
290.5 150.2 113.6 183 144 113
290.2 151.6 115.7 185 146 113
290.3 152.6 115.6 185 146 113
290.6 155.0 117.8 188 149 116
290.3 157.3 118.4 191 150 115
290.3 158.4 118.3 191 150 115
290.1 160.7 118.9 192 151 114
292.0 162.6 119.7 192 151 114
291.6 162.7 120.6 192 151 114
290.0 166.3 120.4 190 149 112
291.5 168.2 120.8 192 149 112
290.4 171.7 120.8 189 146 109
290.3 176.3 122.4 187 146 109
290.3 184.0 123.5 189 146 109
290.9 185.0 123.6 189 146 109
290.9 186.0 123.5 190 147 110
291.5 188.1 123.4 190 147 112
291.1 191.3 121.4 190 147 112
291.6 190.2 123.1 192 149 114
291.1 192.3 121.2 190 147 112
290.8 192.5 122.2 190 147 112
290.4 194.7 121.6 193 150 115
290.1 196.9 121.1 194 150 118
291.5 201.8 118.5 188 147 112
290.2 203.2 117.6 187 146 111
290.3 204.2 117.4 186 145 110
290.8 207.3 115.9 183 142 107
290.8 206.2 116.1 184 143 108
291.2 209.1 113.3 182 141 104
290.4 211.4 111.2 179 138 101
291.3 210.2 113.2 180 139 102
290.4 214.6 109.5 172 136 99
292.9 113.9 97.8 96 94 82
292.5 113.0 99.0 91 92 79
292.6 115.2 98.6 97 95 83
292.8 118.5 99.4 99 97 85
292.5 118.7 100.4 99 97 87
293.9 120.8 100.9 100 98 90
293.6 122.0 101.7 104 102 94
293.0 125.6 103.3 108 108 104
292.7 127.9 103.9 191 197 199
293.7 128.9 104.3 204 210 212
292.1 131.5 105.4 126 131 136
293.6 133.5 105.9 141 147 149
293.5 132.4 106.1 132 138 140
293.8 136.8 106.7 141 110 99
293.5 138.1 107.5 153 117 105
293.1 138.2 108.5 153 118 103
293.8 141.5 109.6 172 129 104
293.4 141.7 110.6 175 130 105
293.8 142.6 109.4 173 130 105
293.4 142.8 110.4 177 132 107
293.3 145.8 11.4 178 185 189
293.1 144.0 111.2 179 135 105
293.4 146.9 11.2 178 185 189
292.8 146.3 111.9 181 137 107
292.5 146.5 112.9 179 137 107
292.4 151.2 115.8 184 145 112
292.5 152.2 115.6 185 146 113
292.2 153.5 116.5 188 149 116
292.8 155.7 117.6 188 149 116
292.4 155.8 118.6 188 149 116
292.2 159.2 119.1 192 151 116
292.6 163.7 121.0 192 151 114
293.0 164.6 119.8 192 149 110
292.6 164.7 120.8 193 150 113
292.9 169.1 121.4 189 146 109
293.0 170.1 121.3 189 146 109
292.7 172.4 121.9 190 147 110
292.3 172.6 122.9 188 147 112
293.8 175.5 122.0 189 146 111
293.3 174.6 123.1 187 146 111
292.7 178.0 123.4 186 145 106
293.6 196.0 120.6 193 149 117
292.8 199.4 119.6 193 149 117
293.2 198.3 120.0 193 149 117
292.9 200.5 119.5 193 149 117
292.5 204.7 117.3 186 145 110
293.8 207.4 113.8 184 143 106
293.5 207.6 114.8 184 143 106
293.1 211.8 111.4 177 139 103
293.1 212.9 111.2 175 137 101
293.1 215.9 108.2 166 132 99
292.3 216.2 108.9 165 131 98
293.2 218.0 106.6 160 127 100
295.3 110.3 97.4 89 90 77
294.8 114.9 98.7 96 94 82
294.5 116.1 99.6 98 94 83
294.2 119.5 100.1 100 98 86
294.3 120.6 99.9 101 99 89
295.8 121.7 101.8 103 101 93
295.8 122.8 101.7 104 105 96
294.6 124.1 102.0 104 105 96
295.6 125.1 102.3 109 109 105
295.3 127.4 103.0 174 179 184
294.9 127.6 104.0 186 192 194
295.9 128.6 104.4 210 216 218
294.7 131.0 104.5 175 181 181
295.4 134.3 105.6 207 210 211
295.0 134.4 106.6 150 150 150
295.0 140.2 109.3 167 126 105
295.7 143.5 110.3 176 134 106
295.0 146.0 112.0 181 137 107
294.3 147.4 113.8 182 140 110
294.4 148.4 113.6 184 142 112
294.1 149.7 114.5 185 143 113
295.9 150.5 115.4 186 144 114
295.7 153.9 115.9 185 146 113
295.3 153.0 117.0 186 147 114
295.0 155.3 117.7 188 150 114
294.3 156.7 119.5 189 150 117
295.8 158.6 120.0 190 152 116
294.1 161.1 119.9 193 152 117
294.1 160.0 120.0 192 151 116
294.5 165.5 121.7 192 149 112
294.6 166.6 121.5 192 149 110
295.3 170.9 122.4 189 146 109
294.8 176.5 123.6 187 146 109
294.7 180.9 123.9 188 145 108
294.8 183.0 123.6 189 146 109
295.8 185.0 123.8 190 147 110
295.8 186.0 123.6 190 147 112
296.0 189.2 123.1 192 149 114
295.6 190.3 122.7 189 146 111
294.4 193.8 121.5 192 149 114
295.2 192.5 122.1 190 147 112
294.4 194.8 121.3 192 148 116
295.1 202.0 117.9 190 147 112
295.1 203.0 117.8 187 146 111
294.7 202.2 118.9 188 147 112
296.0 204.8 115.5 186 145 108
295.6 205.0 116.4 186 145 108
295.7 206.0 116.3 185 144 107
294.4 210.4 112.3 180 139 102
295.8 213.3 111.4 173 135 99
295.9 214.3 111.2 170 132 96
295.8 216.3 108.4 168 131 97
294.5 218.7 106.0 157 124 95
296.6 109.9 95.6 92 90 80
297.1 110.9 95.7 92 90 80
296.4 112.4 97.6 91 92 79
296.6 115.9 99.6 98 94 85
296.7 116.9 99.5 100 96 87
297.3 119.2 100.7 100 98 86
296.2 121.6 100.8 103 101 91
296.2 122.6 100.7 103 104 93
296.8 123.8 102.0 104 105 96
297.5 127.1 103.1 165 170 175
296.2 128.4 103.4 205 210 215
296.1 131.9 105.2 182 174 171
296.1 133.0 105.0 196 188 185
297.6 135.0 105.5 210 209 209
296.9 136.4 107.3 137 109 106
296.6 137.7 108.1 149 118 107
296.6 138.7 108.0 162 123 101
297.3 140.9 109.2 169 129 105
296.9 141.1 110.2 172 129 106
296.9 142.2 110.0 173 130 107
297.8 146.7 113.4 182 138 108
296.6 149.1 113.5 185 143 113
296.3 149.3 114.5 185 143 113
296.9 156.1 118.6 189 151 115
296.2 158.4 119.0 190 152 116
297.2 159.5 120.6 192 151 116
297.6 160.4 119.4 193 152 117
296.0 161.9 120.7 192 151 116
296.1 163.0 120.6 192 151 116
298.0 164.8 121.3 192 149 110
297.8 168.2 121.8 189 147 105
297.4 168.3 122.8 189 146 107
296.7 171.7 123.0 190 147 110
296.8 172.8 122.9 189 146 111
297.1 177.1 123.5 189 146 109
296.7 177.3 124.4 189 146 109
297.1 178.1 123.3 189 146 109
296.8 178.3 124.3 189 146 109
297.8 180.3 124.5 189 146 109
296.4 188.0 123.6 190 147 112
296.1 191.3 122.8 189 146 111
297.6 195.2 121.7 193 150 115
297.6 196.2 121.5 193 150 115
297.7 198.3 121.2 193 150 115
296.0 200.8 119.9 190 149 114
296.1 205.9 115.3 186 145 108
296.1 207.9 113.7 183 142 105
296.1 209.0 113.5 182 141 104
296.2 213.1 110.4 174 136 100
296.7 214.1 110.5 170 132 96
296.2 218.2 105.8 160 126 95
298.9 111.9 96.7 93 91 81
299.0 113.0 96.5 96 94 84
299.1 114.2 97.6 97 95 85
298.3 114.4 98.4 97 95 83
298.7 116.4 97.0 98 94 85
298.5 117.8 99.1 99 97 87
298.1 117.9 100.1 99 97 87
299.9 118.7 99.8 99 97 87
299.5 118.9 100.8 99 97 87
298.8 121.2 101.2 101 99 89
298.8 122.3 101.0 105 103 93
299.0 124.6 102.0 110 106 107
298.6 124.7 103.0 109 109 105
298.4 128.1 103.5 209 214 219
298.2 131.5 104.0 185 190 195
298.1 130.4 104.1 191 199 200
298.8 132.6 105.3 149 141 138
299.5 135.9 106.4 150 128 130
299.1 137.1 107.2 155 132 131
298.8 137.3 108.2 146 118 115
299.2 138.2 107.1 159 125 105
298.5 139.6 108.9 165 126 104
299.2 142.9 109.9 175 132 107
298.8 143.0 110.9 176 134 106
298.5 145.3 111.6 180 136 104
298.2 146.6 112.4 181 137 105
299.4 149.9 115.0 185 143 113
299.0 150.0 116.0 186 144 114
298.8 152.3 116.6 187 145 113
298.5 154.6 117.3 188 150 112
298.1 154.8 118.3 188 150 112
300.0 156.5 117.7 188 150 112
298.8 158.0 119.3 190 152 114
299.8 158.9 119.7 190 149 112
298.6 161.3 119.8 193 152 117
298.2 161.5 120.8 192 151 116
298.6 162.4 119.6 192 151 116
298.3 162.5 120.6 192 151 116
298.1 165.9 121.1 192 150 108
299.0 166.8 121.5 189 147 105
298.8 170.1 122.0 189 146 107
298.4 170.3 123.0 189 146 109
298.2 173.6 123.5 189 146 111
298.3 174.7 123.3 190 147 112
298.1 180.1 123.5 189 146 109
299.2 182.0 123.7 189 146 109
298.8 182.2 124.7 189 146 109
299.7 184.1 123.6 188 145 110
299.3 184.2 124.6 189 146 109
299.4 186.3 123.0 192 149 114
299.0 186.4 124.0 192 149 114
299.2 189.6 123.5 189 146 111
299.2 191.6 122.0 189 146 111
299.2 190.6 123.4 189 146 111
298.8 192.7 121.6 190 147 112
298.4 192.9 122.5 190 147 112
298.0 196.1 120.6 193 150 115
298.1 198.2 120.2 193 150 115
299.6 201.0 119.3 189 146 111
298.7 203.2 117.2 189 146 111
299.6 202.0 119.1 189 146 111
298.8 206.3 115.5 184 143 106
298.5 211.6 113.1 176 138 100
298.5 214.6 110.1 169 132 98
300.6 110.6 96.7 92 90 80
300.8 114.0 97.5 97 95 85
301.6 117.4 99.8 99 97 87
301.4 120.9 101.6 101 99 89
301.2 125.3 101.9 109 109 105
301.2 124.3 102.1 108 108 104
300.5 126.7 103.7 151 156 165
300.3 130.1 104.2 203 213 218
301.0 133.4 105.3 203 209 211
300.6 133.5 106.3 189 189 189
301.1 134.4 105.1 214 220 222
300.7 134.6 106.1 214 214 214
301.6 139.2 109.5 161 125 102
300.3 140.5 109.8 169 129 105
302.0 144.7 111.2 178 136 104
301.6 144.9 112.2 178 136 104
301.3 146.1 113.0 181 137 105
300.6 148.4 113.4 186 142 110
300.2 148.6 114.4 187 143 113
301.3 151.8 115.7 187 145 113
301.0 151.9 116.7 186 144 112
301.4 152.8 115.5 187 145 113
301.0 153.0 116.5 187 145 113
300.7 154.2 117.3 188 147 112
301.0 157.6 119.4 190 152 114
302.0 158.5 119.7 190 149 112
300.8 160.9 119.9 192 151 114
300.1 163.3 121.5 193 150 111
301.1 164.3 121.9 192 149 110
300.9 167.6 122.4 189 147 105
300.9 168.6 122.2 189 147 105
300.7 171.9 122.7 189 146 109
300.4 172.1 123.7 189 146 111
301.3 173.0 124.0 188 145 110
301.4 174.1 123.9 189 146 109
300.2 177.5 123.9 189 146 109
300.2 176.5 124.0 189 146 109
301.7 178.4 124.5 188 145 110
300.4 188.2 123.2 190 147 112
300.0 188.4 124.2 190 147 112
301.9 193.1 122.0 193 148 112
301.9 192.0 122.1 191 146 110
301.5 194.2 121.6 195 150 114
301.2 196.4 121.0 192 149 112
300.4 199.7 120.0 192 149 114
301.3 198.5 120.7 192 149 114
300.5 203.8 116.8 186 145 108
300.5 204.8 116.7 186 145 108
301.0 207.8 115.2 182 141 104
300.6 208.9 113.5 182 141 104
300.2 209.1 114.5 182 141 104
301.1 211.9 112.1 175 137 101
300.2 210.1 114.4 177 139 101
301.2 213.0 111.9 171 133 97
302.9 111.6 97.9 93 91 81
302.9 112.7 97.7 94 92 82
303.9 113.7 98.1 97 95 85
302.2 115.0 98.1 97 93 84
302.7 116.0 98.2 97 93 84
302.9 118.3 99.2 100 98 88
302.5 118.4 100.2 100 98 88
304.0 120.5 100.7 101 99 89
302.4 123.0 101.8 104 105 94
302.5 124.1 101.6 108 108 104
303.5 126.1 101.8 128 127 136
302.8 127.5 103.7 220 222 232
302.4 127.7 104.6 213 218 227
302.8 128.6 103.5 202 212 219
302.5 128.7 104.5 202 212 219
303.8 130.6 103.7 190 195 204
303.5 130.8 104.7 200 210 217
302.2 132.1 105.0 200 210 217
303.7 134.1 105.5 209 219 222
302.5 135.5 107.0 148 127 126
302.2 136.7 107.9 161 139 141
302.9 140.0 108.9 167 129 104
302.5 140.1 109.9 167 129 104
303.5 141.1 110.3 169 131 106
302.3 142.4 110.5 171 131 105
303.8 145.6 5.6 176 183 187
303.9 145.7 6.9 176 183 187
303.9 146.0 9.7 173 183 188
304.0 147.1 9.5 159 166 172
303.5 146.1 10.7 174 184 189
303.7 147.9 114.0 184 140 108
302.6 150.4 115.4 185 143 113
302.9 153.8 117.4 190 147 112
302.6 155.0 118.2 190 149 114
302.6 156.1 118.1 188 147 110
302.0 159.6 119.6 191 150 113
303.9 160.4 120.4 191 150 113
302.7 162.8 120.6 192 151 114
303.7 164.7 120.8 192 149 110
302.5 166.1 121.1 189 146 107
302.1 166.2 122.1 189 147 105
302.8 169.4 123.1 189 146 107
302.9 170.5 122.9 189 146 107
302.7 174.8 123.3 188 145 108
302.3 175.0 124.2 189 146 109
303.7 176.7 123.5 189 146 109
303.3 176.9 124.4 189 146 109
302.2 179.3 124.6 189 146 111
302.2 180.4 124.4 189 146 111
302.3 182.5 124.1 188 145 110
302.9 185.5 123.9 190 147 112
302.9 184.5 124.0 189 146 111
303.0 186.6 123.7 192 149 114
302.6 188.7 123.1 189 146 111
302.7 190.8 122.8 190 145 109
303.9 198.9 119.6 190 149 114
303.5 199.0 120.6 192 149 114
304.0 200.9 119.3 188 147 112
302.2 202.4 118.0 186 145 110
303.6 205.1 115.9 185 144 107
303.2 205.2 116.8 184 143 106
303.6 206.1 115.7 183 142 105
303.3 206.3 116.7 183 142 105
302.9 210.5 113.3 177 139 101
303.0 215.6 110.0 165 131 100
302.1 214.8 110.9 169 132 98
303.4 216.5 108.8 165 128 96
305.4 111.2 97.0 94 92 82
305.9 112.1 95.9 97 95 85
304.3 113.5 97.1 97 95 85
305.2 114.5 97.5 98 96 86
304.8 114.7 98.5 97 95 85
304.1 117.0 98.9 98 96 86
304.6 118.0 99.0 100 98 88
304.3 120.3 99.7 100 98 88
304.0 121.5 100.5 102 103 92
304.4 122.4 99.4 104 105 94
304.1 122.6 100.4 103 104 93
305.6 125.8 102.0 109 109 111
305.0 127.2 103.8 219 221 231
305.0 128.3 103.6 202 209 217
304.4 131.8 105.1 199 209 216
305.1 135.0 106.1 152 133 129
304.4 136.4 107.9 162 141 140
304.1 138.7 108.6 160 125 108
305.3 142.0 111.2 170 130 104
305.4 143.0 111.0 173 133 107
304.3 145.8 8.6 176 183 189
305.1 144.2 111.8 178 136 106
304.4 145.6 113.6 179 137 105
304.8 146.8 8.8 161 166 173
304.4 146.7 113.5 182 138 106
304.2 148.9 114.1 186 142 110
304.8 151.1 115.3 186 145 110
304.4 151.3 116.3 186 144 112
304.9 152.2 115.2 186 145 110
304.5 152.3 116.1 187 145 113
305.1 154.5 117.3 192 149 114
304.7 154.6 118.3 192 149 114
304.8 156.7 118.0 190 149 114
304.5 156.9 119.0 190 149 112
305.5 158.9 119.2 191 150 113
304.3 160.2 119.5 191 150 113
305.3 162.2 119.7 191 150 113
304.9 162.3 120.7 192 151 114
305.1 165.6 121.4 189 146 107
304.4 166.9 122.0 190 145 107
304.0 168.1 122.8 190 146 105
305.1 170.0 123.0 190 145 109
304.8 172.3 123.6 188 145 108
305.8 174.2 123.8 188 145 108
305.2 177.7 125.3 188 145 108
305.3 178.7 125.2 189 146 109
305.7 180.6 123.9 188 145 108
305.4 180.8 124.8 188 145 110
305.7 188.1 123.7 190 147 112
305.4 191.2 121.7 191 146 110
305.8 190.1 123.4 190 145 109
305.4 192.2 121.6 193 148 112
305.0 192.4 122.6 193 148 112
304.3 195.7 121.6 193 150 113
305.1 194.5 122.2 193 150 113
304.3 196.7 121.4 193 150 115
305.3 202.6 117.2 187 146 109
304.9 202.8 118.2 187 146 109
305.4 206.7 115.4 183 142 105
304.6 209.0 114.5 177 139 101
304.7 213.1 111.4 170 133 99
304.3 213.2 112.4 169 132 98
305.3 221.2 106.6 126 118 106
305.7 222.0 105.5 130 120 106
305.4 222.2 106.4 126 118 106
307.7 113.0 96.8 98 96 86
306.9 114.3 97.4 98 96 86
306.2 116.6 97.8 99 97 87
306.8 117.7 99.1 100 98 88
307.2 118.6 98.0 101 99 89
306.8 118.8 99.0 100 98 88
307.3 120.7 97.7 102 103 92
306.5 120.0 99.8 101 99 89
306.6 122.1 99.5 104 105 94
306.3 123.4 100.3 105 106 95
307.6 124.2 99.7 108 109 98
306.9 125.6 101.5 109 108 108
306.6 126.8 102.3 206 206 208
306.3 129.1 103.0 197 202 209
306.0 130.3 103.8 176 178 186
307.9 131.2 104.8 180 182 190
306.3 133.7 105.9 208 215 219
306.3 132.7 106.0 203 210 214
306.9 135.9 107.1 164 145 141
307.0 136.9 106.9 171 138 123
306.7 138.2 107.7 165 130 115
306.3 138.3 108.7 162 127 112
306.0 140.6 109.4 168 129 107
307.3 143.9 111.9 176 137 106
306.9 145.1 112.7 179 137 107
306.7 147.4 113.4 184 140 108
306.3 147.5 114.4 184 140 108
306.7 148.4 113.2 185 142 107
306.0 149.8 115.0 187 143 111
307.0 150.7 115.4 186 145 110
306.3 153.2 117.0 187 146 111
307.3 154.1 117.4 188 147 112
306.1 156.5 117.5 188 147 112
307.7 159.5 119.1 191 150 113
307.4 159.7 120.1 191 150 113
307.4 160.7 119.9 191 150 113
306.8 163.1 121.5 191 150 113
306.8 164.2 121.4 190 147 108
306.6 167.5 121.9 190 145 107
306.6 166.4 122.0 190 145 107
307.6 168.4 122.2 189 144 106
306.0 170.9 123.3 188 145 108
307.0 172.9 123.6 188 145 108
306.8 175.1 124.2 188 145 108
306.8 176.1 124.0 188 145 108
306.8 183.6 123.9 188 145 108
306.4 182.7 125.0 188 145 110
306.4 184.7 123.5 189 146 109
306.0 184.9 124.5 189 146 111
306.5 186.8 123.2 190 147 110
306.1 186.9 124.1 190 147 112
306.2 188.9 122.6 191 146 110
307.8 195.9 121.0 191 150 115
307.8 196.9 120.9 191 150 115
307.9 198.9 119.3 188 147 110
307.5 199.1 120.3 188 147 110
306.2 201.4 119.2 187 146 109
307.5 200.1 120.1 188 147 110
307.8 209.3 115.0 178 140 104
306.0 210.7 113.7 175 137 101
306.9 213.5 111.3 169 132 98
306.0 215.8 109.2 166 129 97
307.0 214.6 111.2 167 130 98
307.4 216.5 109.9 159 125 101
306.2 216.9 111.5 151 119 95
308.8 110.6 95.5 99 97 87
308.4 110.7 96.4 97 95 85
308.1 112.9 95.8 98 96 86
309.0 113.9 96.2 98 96 86
308.6 114.0 97.2 99 97 87
308.4 117.4 97.7 101 99 89
308.5 118.4 97.6 99 100 89
308.6 120.5 97.2 102 103 92
308.3 121.7 98.1 102 103 92
309.3 122.9 99.7 105 106 95
309.5 125.1 100.7 110 110 104
309.1 126.3 101.5 153 153 147
308.8 126.5 102.5 170 169 169
308.5 128.8 103.1 202 202 204
308.2 131.0 103.8 197 203 205
309.7 132.1 105.7 197 203 205
308.5 134.4 105.8 172 157 147
308.2 134.6 106.8 164 148 143
309.8 137.7 108.4 163 130 115
309.5 140.0 109.0 167 128 108
308.3 141.4 110.6 170 130 104
308.4 142.5 110.4 174 134 108
309.2 145.9 19.1 176 183 187
308.9 147.2 19.9 155 160 167
308.8 146.1 20.1 176 183 187
309.8 147.9 113.9 183 141 109
309.7 146.9 114.0 182 140 108
308.2 149.4 115.1 186 143 108
308.9 152.6 116.2 186 145 110
308.8 156.0 117.9 188 147 112
308.8 157.0 117.7 188 150 112
308.0 158.3 118.3 190 149 112
308.7 161.5 119.3 191 150 113
308.4 161.6 120.3 191 150 113
308.2 164.9 120.8 188 147 108
309.7 165.9 122.6 190 145 107
309.7 166.9 122.5 189 144 106
309.8 169.0 122.2 188 143 105
309.5 170.2 123.0 189 144 108
308.8 173.5 123.2 188 143 107
308.4 173.7 124.2 188 145 108
309.8 174.4 123.6 189 144 108
309.4 174.6 124.5 188 145 108
308.2 177.0 124.7 188 145 108
308.8 179.0 124.6 188 145 108
308.9 181.0 124.3 188 145 108
309.0 183.1 124.0 189 146 109
308.9 182.1 124.1 189 146 109
309.0 184.1 123.8 189 146 109
309.2 186.2 123.5 189 146 109
309.3 188.3 123.2 191 146 110
309.7 190.2 121.9 190 145 109
309.4 190.3 122.9 190 145 109
309.4 192.3 121.3 191 146 110
309.0 192.5 122.3 194 149 113
308.2 194.7 121.5 191 150 113
308.2 196.7 119.9 190 149 112
309.4 202.7 118.2 186 145 108
308.0 204.0 117.3 185 144 107
308.6 207.0 115.8 182 141 106
308.6 208.0 115.7 177 139 103
309.6 211.9 113.1 172 135 101
308.4 220.3 107.3 132 122 108
309.3 223.1 104.8 126 122 111
311.4 110.3 95.9 99 97 87
311.4 112.1 93.0 96 97 86
311.5 112.4 95.6 96 97 86
311.2 113.6 96.4 98 96 86
311.6 114.5 95.2 100 98 88
310.0 115.9 96.5 100 98 88
311.3 116.7 95.9 101 99 89
310.1 117.0 96.3 101 99 89
311.4 118.8 95.6 103 101 91
310.7 119.2 97.5 101 102 91
310.8 120.2 97.4 101 102 91
310.5 123.5 97.9 106 107 96
310.5 122.5 98.0 104 105 94
311.1 124.7 99.3 112 109 104
310.7 124.9 100.2 111 108 103
311.3 126.0 101.6 150 150 144
310.7 128.4 103.2 164 160 163
310.4 130.7 103.9 199 199 199
310.1 131.9 104.7 199 205 207
310.1 133.0 104.6 206 212 214
310.7 134.1 105.9 182 168 160
310.0 135.5 107.7 157 141 136
310.1 136.5 107.6 172 139 124
310.2 138.6 107.2 168 129 107
311.7 139.6 109.2 167 128 108
311.3 140.9 110.0 169 129 103
311.0 141.0 110.9 170 130 104
310.7 143.3 111.6 177 138 109
312.0 145.8 11.7 164 169 174
311.6 146.0 12.8 163 168 175
311.9 145.9 23.7 175 182 186
310.0 144.6 113.4 178 139 108
311.9 147.0 23.6 157 159 167
311.9 146.0 25.1 171 178 182
312.0 146.2 26.4 170 177 181
312.0 147.6 114.0 181 142 111
311.9 146.5 114.1 178 139 108
310.8 148.9 114.3 184 142 110
310.1 151.3 115.9 186 145 110
310.1 150.2 116.0 185 144 109
311.4 152.0 115.3 184 145 112
311.1 152.2 116.3 186 145 110
311.8 155.4 117.3 187 146 111
310.6 157.7 117.4 186 148 112
310.2 157.9 118.4 186 148 110
310.9 161.1 119.4 186 148 112
311.9 163.0 119.6 186 148 112
310.2 162.4 121.2 192 151 114
310.0 165.7 121.7 189 146 107
310.1 166.7 121.5 187 144 105
311.9 167.5 122.4 187 144 105
312.0 168.5 122.3 187 144 105
310.4 171.1 123.3 188 143 107
310.5 172.1 123.2 188 143 107
311.3 177.3 123.9 189 144 108
310.9 176.4 125.0 188 145 108
311.9 178.3 125.2 188 145 106
312.0 180.4 124.9 189 144 108
311.4 197.1 120.4 190 149 112
311.0 198.2 119.9 190 149 112
310.6 200.4 119.4 187 146 109
310.3 205.6 117.1 183 142 107
310.4 209.6 113.9 176 138 102
310.4 210.6 113.8 174 136 100
311.3 213.4 111.4 168 131 99
310.5 214.7 110.7 167 130 98
311.9 217.4 109.8 147 120 98
310.6 219.7 107.4 134 122 104
311.9 218.4 109.6 146 119 97
311.0 220.6 106.2 134 121 99
311.7 223.3 101.3 197 198 192
311.8 222.4 104.0 189 189 185
311.5 222.5 104.9 122 120 112
311.5 225.5 102.0 188 191 190
310.7 225.9 103.9 122 122 122
310.7 224.8 104.1 118 118 118
311.5 226.6 101.8 193 196 195
310.8 226.9 103.8 121 121 121
311.6 228.7 101.5 199 205 203
310.9 229.0 103.4 123 123 119
311.7 230.8 101.2 111 111 111
313.5 111.8 93.2 97 98 87
313.2 113.1 94.0 99 97 87
314.0 115.6 89.0 99 100 89
313.2 114.1 93.8 101 99 89
312.1 115.5 95.4 101 99 89
312.8 116.1 92.0 101 102 91
312.9 116.2 93.2 99 100 89
312.2 116.6 95.2 101 99 89
313.9 118.3 93.5 101 102 91
312.3 118.7 94.9 104 102 92
312.4 120.9 95.8 102 103 92
313.4 121.9 96.2 104 105 94
313.8 122.8 95.1 104 105 94
312.1 122.1 96.6 104 105 94
313.6 124.1 97.2 106 107 96
312.5 125.7 99.9 124 121 116
312.1 125.8 100.9 135 132 127
312.6 126.7 99.8 150 145 143
312.2 126.9 100.8 149 146 143
312.3 128.0 101.8 149 146 143
312.0 130.3 102.5 156 146 146
313.5 131.4 104.4 161 149 147
313.9 132.2 103.3 153 141 139
313.3 133.6 105.1 193 172 167
312.9 134.8 105.9 139 125 117
312.6 135.0 106.9 149 135 127
312.3 137.2 107.5 165 132 115
312.4 138.3 107.4 166 130 107
312.0 139.5 108.2 168 129 107
313.6 141.5 109.9 174 134 108
313.5 140.5 110.1 170 130 104
312.9 142.9 111.7 176 137 108
312.3 145.3 8.0 167 172 179
312.8 145.4 9.7 167 172 179
312.4 145.6 10.7 165 170 175
313.9 145.6 35.9 178 185 191
313.0 144.1 112.8 177 138 109
312.4 146.4 7.8 155 160 167
313.3 146.5 9.8 155 160 167
313.8 146.7 12.9 155 160 165
312.4 147.1 25.2 158 160 166
312.0 147.2 26.3 157 159 165
313.3 146.1 28.7 171 178 182
312.3 146.4 113.2 180 141 112
312.6 149.7 115.2 185 143 111
312.7 150.7 115.0 186 144 112
312.4 153.0 115.7 183 144 111
312.0 153.1 116.6 186 145 110
312.5 154.0 115.5 182 143 110
312.1 154.2 116.5 186 144 112
314.0 156.0 117.2 183 144 111
313.7 157.2 118.0 185 147 111
312.1 158.7 119.3 188 150 112
313.1 160.6 119.5 186 148 112
313.8 163.8 120.5 186 148 112
313.5 166.0 121.2 185 144 107
313.2 166.2 122.1 185 144 105
312.9 169.4 122.6 187 144 105
313.9 170.3 123.0 186 143 104
312.4 173.9 123.9 188 143 107
312.5 174.9 123.8 188 143 107
313.9 175.7 124.4 189 144 108
313.9 176.7 124.2 189 144 108
312.3 178.2 124.3 189 144 108
312.4 180.2 123.9 189 144 108
312.0 181.4 124.7 190 145 109
312.5 182.3 123.6 189 144 108
312.1 182.4 124.6 189 144 108
312.6 184.3 123.3 189 146 109
312.7 186.4 123.0 189 146 109
312.8 188.5 122.7 189 146 109
312.9 190.5 122.4 189 146 109
312.1 193.8 121.4 192 149 112
313.0 192.6 122.1 190 147 110
312.2 194.8 121.2 188 147 110
313.7 199.6 120.0 187 146 109
313.7 200.7 119.8 187 146 109
313.8 203.6 11.5 133 135 124
312.4 202.9 117.5 185 144 109
312.0 203.1 118.4 185 144 109
313.9 204.7 11.4 126 128 117
313.8 205.7 116.6 182 144 108
312.1 204.1 118.3 184 143 108
313.4 207.8 114.8 178 140 104
313.9 206.7 116.4 180 142 106
312.1 208.1 115.2 178 140 104
313.0 210.9 112.8 172 136 99
313.6 215.9 111.0 157 122 96
312.3 217.2 108.8 151 122 99
313.5 219.8 105.4 140 120 98
312.3 218.3 108.6 148 119 96
313.1 222.0 103.6 212 209 206
313.6 220.9 105.2 160 160 156
313.2 220.0 106.4 136 120 97
313.0 222.9 100.9 202 203 197
313.5 224.8 99.6 198 204 204
312.2 224.2 101.4 162 163 157
313.6 226.9 99.3 196 206 209
313.1 226.0 100.4 157 158 154
312.4 228.3 99.5 187 190 189
312.0 229.6 100.3 211 215 210
313.4 230.2 99.8 183 186 185
312.1 230.6 100.2 141 145 140
312.6 232.5 98.9 120 117 114
315.7 112.5 91.9 98 99 88
314.4 112.7 92.3 100 98 88
314.3 115.4 88.0 98 99 88
314.4 114.6 90.7 99 100 89
314.9 114.8 92.3 101 102 91
314.5 116.6 89.2 99 100 89
315.0 116.9 92.0 101 102 91
315.1 118.9 91.7 104 105 94
314.3 118.1 92.5 102 103 92
314.5 120.3 93.4 104 105 94
314.1 120.5 94.4 103 104 93
315.4 122.4 93.7 105 106 95
314.8 123.7 95.5 105 106 95
314.4 123.9 96.5 106 107 96
315.0 125.1 97.8 109 110 99
315.0 125.2 99.1 110 111 102
315.5 126.1 98.0 138 135 130
315.1 126.2 98.9 149 146 143
315.2 127.4 100.0 146 143 140
315.3 128.4 99.9 146 141 139
314.0 128.7 100.3 146 141 139
314.2 130.0 102.6 151 143 142
315.2 131.0 103.0 151 141 139
314.9 133.2 103.7 154 129 122
314.5 133.4 104.7 155 129 125
314.2 134.6 105.5 132 111 106
315.7 136.6 107.2 166 132 112
315.4 136.8 108.2 167 134 117
314.2 139.1 108.3 167 131 108
315.6 143.5 111.9 178 139 110
315.2 143.7 112.9 178 139 110
315.7 145.7 39.8 176 183 189
315.4 145.9 113.8 180 141 112
314.2 146.5 11.9 155 160 165
315.1 146.7 15.3 154 159 166
315.5 146.0 31.7 170 177 183
315.1 146.2 32.7 171 178 184
315.4 146.9 113.7 180 141 112
314.2 148.2 113.9 181 142 111
315.7 149.2 115.8 182 143 110
314.5 151.6 115.9 182 143 110
315.5 152.5 116.3 181 142 109
314.3 154.8 116.4 181 142 109
315.4 156.9 117.9 182 143 110
314.6 158.1 118.4 185 147 111
315.3 161.3 119.4 184 145 112
315.0 161.4 120.4 186 148 112
315.4 162.3 119.3 185 146 113
315.0 162.5 120.3 188 149 116
315.7 165.6 121.3 183 145 109
314.9 166.8 121.8 185 144 107
314.6 167.0 122.8 187 144 105
314.6 168.0 122.6 187 144 105
314.9 172.2 123.2 188 143 105
314.2 175.5 123.4 188 143 107
314.3 176.6 123.3 189 144 108
314.4 177.7 124.3 189 144 108
315.8 178.4 123.8 189 144 108
315.4 178.6 124.7 189 144 108
315.9 180.5 123.4 190 145 109
315.5 180.6 124.4 190 145 109
315.7 183.7 123.9 189 144 108
315.6 182.7 124.1 190 145 109
315.7 184.7 123.8 190 145 109
315.8 186.8 123.5 190 145 109
315.9 188.8 123.2 189 144 108
315.7 193.0 122.3 192 149 112
315.8 195.1 121.9 188 147 110
315.7 194.0 122.1 188 147 110
315.4 196.2 121.5 190 149 112
315.4 198.2 120.0 188 147 110
315.0 198.3 120.9 188 147 110
315.7 201.7 6.6 34 34 30
314.1 200.5 118.9 187 146 111
314.7 204.5 117.3 182 144 108
315.6 208.2 114.7 176 140 103
315.7 213.3 111.4 167 130 96
315.3 213.4 112.4 167 130 98
315.8 214.3 111.3 166 129 99
315.4 214.5 112.3 163 128 102
315.3 216.4 109.5 155 123 99
315.7 219.2 105.5 149 124 104
315.9 222.0 99.1 172 157 158
316.0 221.0 101.8 166 140 127
314.7 221.4 102.2 200 179 174
315.7 220.3 105.4 156 153 150
314.6 222.3 99.5 209 199 197
314.3 222.5 100.5 216 213 208
315.1 224.3 98.2 204 207 210
315.2 226.3 97.9 192 197 204
314.0 228.8 98.0 197 205 206
314.1 230.9 97.7 168 167 169
316.6 117.2 87.9 103 104 93
317.1 117.3 89.5 102 103 92
316.7 117.5 90.4 102 103 92
317.0 119.9 83.9 102 103 92
316.6 118.3 87.7 104 105 94
317.2 118.4 89.3 103 104 93
316.4 118.7 91.2 104 105 94
316.1 119.9 92.1 104 105 94
317.0 121.0 83.7 102 103 92
316.6 120.9 92.2 104 105 94
317.7 123.1 93.7 105 106 95
316.0 123.5 95.1 106 107 96
317.9 125.5 95.9 114 112 104
316.2 124.8 97.4 111 112 101
316.5 127.2 99.6 146 143 140
316.5 128.2 99.5 142 139 136
316.2 129.4 100.3 143 138 136
316.8 130.5 101.7 145 137 136
316.4 130.7 102.6 148 140 137
317.1 132.9 103.8 148 123 116
316.4 134.2 105.6 138 112 108
317.9 136.3 107.4 166 130 109
317.0 139.9 109.8 171 132 101
317.0 140.9 109.6 173 134 103
316.3 142.3 111.4 176 137 108
316.1 145.5 38.8 177 184 190
317.1 145.7 42.1 176 183 189
317.8 144.2 111.9 177 135 105
317.5 145.5 114.0 178 138 112
317.9 146.5 8.0 149 155 157
317.5 146.7 9.0 146 151 156
316.4 146.7 17.6 155 160 167
316.0 146.8 18.6 150 157 163
317.0 147.0 22.0 153 160 168
317.9 147.1 25.3 155 160 169
317.5 147.3 26.3 150 155 162
316.1 147.4 35.8 153 158 163
316.1 146.4 36.0 170 177 183
317.9 146.4 39.9 167 174 180
317.5 146.6 40.9 166 173 179
317.6 146.6 113.8 177 137 111
316.8 147.8 114.3 178 139 110
316.1 149.1 114.9 180 141 108
316.1 150.1 114.7 176 137 104
316.7 151.2 116.1 179 137 105
317.7 152.1 116.4 179 137 105
316.9 154.4 116.8 171 129 97
317.2 157.6 117.6 179 136 99
316.8 157.7 118.5 183 142 107
317.2 158.6 117.4 180 137 100
316.5 159.9 119.2 184 146 110
316.9 163.2 121.2 186 147 114
316.9 164.2 121.0 184 146 110
316.7 166.5 121.6 185 144 109
316.0 168.8 123.3 186 143 104
317.5 170.7 123.7 186 144 102
317.4 176.0 123.9 188 143 105
317.3 174.9 124.1 188 143 105
317.9 176.9 124.0 188 143 105
316.0 183.5 123.0 189 144 108
316.1 184.6 122.8 189 144 108
316.2 186.6 122.5 191 146 112
316.3 188.7 122.2 188 145 110
316.4 190.7 121.9 189 146 111
316.0 190.9 122.8 189 146 109
316.0 192.8 121.3 192 149 114
316.1 194.9 121.0 188 147 112
317.2 200.8 119.4 187 146 111
316.4 202.0 118.7 183 145 109
317.8 204.7 117.8 182 144 108
316.9 206.9 115.7 180 142 106
317.9 209.7 114.5 173 137 100
317.0 211.9 112.4 169 132 98
317.9 210.8 114.4 172 136 99
316.6 212.1 113.4 168 131 99
317.5 215.8 109.6 159 124 98
317.1 215.0 110.7 163 124 95
317.1 217.9 107.8 147 127 105
317.5 216.9 109.4 156 121 95
316.9 218.8 103.9 165 131 107
316.1 219.1 104.6 160 128 106
316.7 218.1 108.7 143 127 104
316.4 220.9 100.8 147 114 99
316.1 220.1 104.4 141 130 125
317.6 223.5 97.4 205 208 209
317.3 223.6 98.4 202 205 208
316.5 225.9 97.5 179 184 189
317.3 224.7 98.2 190 193 196
316.5 227.0 97.3 178 183 188
317.0 229.9 95.9 206 212 212
316.6 228.0 97.2 183 185 191
317.1 231.0 95.7 185 191 191
316.7 230.1 96.8 206 209 210
316.7 232.1 95.3 108 108 104
316.3 232.3 96.2 115 115 111
318.1 119.4 89.7 103 104 93
319.1 121.4 90.0 105 103 93
318.3 121.7 91.9 104 105 94
318.3 120.7 92.1 104 105 94
319.7 122.5 91.4 106 104 94
318.9 122.9 93.3 105 106 95
318.6 125.1 94.0 110 111 100
318.2 124.3 95.1 108 109 98
318.5 126.6 97.3 146 142 135
318.1 126.8 98.2 146 143 138
319.5 128.6 97.5 139 134 130
318.7 128.9 99.5 140 137 132
318.4 129.1 100.4 141 138 135
318.1 130.3 101.2 144 136 133
318.3 132.6 103.4 145 120 113
319.5 135.9 106.0 162 128 104
319.6 136.9 105.8 164 129 101
319.2 136.1 107.0 165 129 106
318.9 138.3 107.6 167 129 102
319.1 139.6 109.9 169 132 98
319.2 140.6 109.8 169 132 98
318.4 141.8 110.3 171 132 99
318.5 142.9 110.1 170 131 98
318.1 145.8 45.4 178 186 187
318.1 144.1 110.9 174 131 96
318.4 146.9 12.4 147 149 155
318.3 147.0 24.3 152 159 167
318.7 148.0 35.0 151 153 161
318.4 146.6 42.9 163 170 176
318.1 146.9 45.2 155 163 164
319.8 147.2 113.8 173 131 101
319.4 147.4 114.7 174 134 108
318.7 149.0 34.8 138 138 142
318.8 148.2 37.6 146 151 156
318.9 148.6 41.6 130 130 132
318.2 148.7 115.0 177 138 105
318.0 151.9 115.5 173 128 94
318.1 153.0 115.3 172 122 88
319.1 154.0 116.9 170 122 89
319.5 154.8 115.8 172 120 82
319.2 155.0 116.8 175 125 89
318.4 156.2 117.3 173 128 92
319.2 159.5 119.6 181 138 103
318.5 161.7 119.9 183 142 105
318.4 160.7 120.1 181 143 107
319.9 162.6 120.6 182 141 104
318.3 165.1 121.6 183 145 109
319.7 165.9 122.3 185 144 109
319.8 166.9 122.1 185 144 109
318.6 168.2 122.4 184 143 108
318.0 171.6 123.8 186 144 102
318.1 172.7 123.7 187 143 102
319.0 173.5 124.1 185 141 100
320.0 174.4 124.4 186 142 101
318.4 177.9 124.1 189 144 106
318.4 178.9 124.0 189 144 108
319.0 179.8 124.1 189 144 108
319.0 180.8 123.9 189 144 108
319.1 182.9 123.6 188 145 108
319.2 184.9 123.3 188 145 110
319.3 187.0 123.0 190 147 112
319.4 189.0 122.7 189 146 111
319.5 190.0 122.5 190 147 112
319.6 192.1 122.2 192 149 114
319.7 194.1 121.9 188 147 112
318.9 196.3 121.1 191 150 113
318.5 198.5 120.5 188 147 110
318.3 201.3 11.3 35 35 29
319.5 203.2 117.8 183 145 109
319.1 203.4 118.7 182 144 108
318.2 204.6 116.8 182 144 108
318.3 209.6 113.6 175 139 102
319.2 208.4 115.5 175 139 102
318.3 210.6 113.4 173 137 100
318.8 213.5 112.0 168 129 100
318.8 212.5 112.1 169 130 97
319.5 217.1 105.7 163 129 105
318.3 217.6 107.4 151 126 106
318.6 218.3 103.7 168 133 107
318.1 222.4 99.1 230 210 213
319.0 226.2 96.5 198 201 202
318.3 228.5 95.6 198 201 202
318.4 230.6 95.3 202 205 204
320.1 145.0 113.1 175 133 103
320.1 151.4 114.4 170 120 88
320.1 165.7 121.3 184 141 106
320.2 166.8 121.2 184 141 106
320.0 175.4 124.3 187 143 102
320.0 215.1 108.8 165 128 98
